instance_id,configuration,objective,best_bound,gap,status,runtime_s,wall_time_s,num_bool_vars,num_int_vars,num_constraints,n_targets,T,max_height
Instance_1,cuts,41,41.000000,0.000000,OPTIMAL,0.055221,0.057598,150,145,866,5,8,7
Instance_2,cuts,46,46.000000,0.000000,OPTIMAL,0.057202,0.057455,170,125,761,5,8,6
Instance_3,cuts,29,29.000000,0.000000,OPTIMAL,0.041003,0.041159,165,130,656,5,8,7
Instance_4,cuts,27,27.000000,0.000000,OPTIMAL,0.044706,0.044899,160,125,621,5,8,7
Instance_5,cuts,27,27.000000,0.000000,OPTIMAL,0.027789,0.027951,170,135,871,5,8,6
Instance_6,cuts,38,38.000000,0.000000,OPTIMAL,0.051900,0.052093,165,130,716,5,8,6
Instance_7,cuts,49,49.000000,0.000000,OPTIMAL,0.093531,0.093740,155,140,866,5,8,7
Instance_8,cuts,38,38.000000,0.000000,OPTIMAL,0.046312,0.046483,150,145,716,5,8,7
Instance_9,cuts,41,41.000000,0.000000,OPTIMAL,0.037622,0.037801,170,135,796,5,8,8
Instance_10,cuts,23,23.000000,0.000000,OPTIMAL,0.025926,0.026126,160,135,715,5,8,7
Instance_11,cuts,60,60.000000,0.000000,OPTIMAL,0.046531,0.046724,160,145,841,5,8,8
Instance_12,cuts,82,82.000000,0.000000,OPTIMAL,0.050377,0.050566,150,145,821,5,8,8
Instance_13,cuts,58,58.000000,0.000000,OPTIMAL,0.042925,0.043106,175,130,736,5,8,8
Instance_14,cuts,1,1.000000,0.000000,OPTIMAL,0.024848,0.024976,145,140,590,5,8,8
Instance_15,cuts,44,44.000000,0.000000,OPTIMAL,0.039614,0.039829,145,150,716,5,8,8
Instance_16,cuts,98,98.000000,0.000000,OPTIMAL,0.055638,0.055824,150,145,821,5,8,8
Instance_17,cuts,87,87.000000,0.000000,OPTIMAL,0.059211,0.059456,165,140,901,5,8,8
Instance_18,cuts,63,63.000000,0.000000,OPTIMAL,0.042838,0.043004,150,145,776,5,8,8
Instance_19,cuts,86,86.000000,0.000000,OPTIMAL,0.030939,0.031154,160,145,931,5,8,8
Instance_20,cuts,41,41.000000,0.000000,OPTIMAL,0.040423,0.040603,165,140,736,5,8,7
Instance_21,cuts,98,98.000000,0.000000,OPTIMAL,0.065738,0.065953,150,145,746,5,8,8
Instance_22,cuts,50,50.000000,0.000000,OPTIMAL,0.051098,0.051270,155,150,781,5,8,8
Instance_23,cuts,85,85.000000,0.000000,OPTIMAL,0.057095,0.057277,155,150,841,5,8,8
Instance_24,cuts,47,47.000000,0.000000,OPTIMAL,0.050301,0.050465,145,150,821,5,8,8
Instance_25,cuts,52,52.000000,0.000000,OPTIMAL,0.048253,0.048435,160,145,826,5,8,8
Instance_26,cuts,37,37.000000,0.000000,OPTIMAL,0.046810,0.047006,125,150,726,5,8,8
Instance_27,cuts,72,72.000000,0.000000,OPTIMAL,0.048337,0.048546,160,145,826,5,8,8
Instance_28,cuts,41,41.000000,0.000000,OPTIMAL,0.036333,0.036497,145,150,746,5,8,8
Instance_29,cuts,98,98.000000,0.000000,OPTIMAL,0.051220,0.051395,135,150,771,5,8,8
Instance_30,cuts,55,55.000000,0.000000,OPTIMAL,0.044196,0.044380,135,150,801,5,8,8
Instance_31,cuts,55,55.000000,0.000000,OPTIMAL,0.047267,0.047481,175,190,991,5,12,8
Instance_32,cuts,40,40.000000,0.000000,OPTIMAL,0.055092,0.055279,150,205,791,5,12,7
Instance_33,cuts,32,32.000000,0.000000,OPTIMAL,0.050009,0.050235,155,200,866,5,12,7
Instance_34,cuts,34,34.000000,0.000000,OPTIMAL,0.026238,0.026414,165,190,911,5,12,8
Instance_35,cuts,73,73.000000,0.000000,OPTIMAL,0.063943,0.064158,160,205,1021,5,12,6
Instance_36,cuts,58,58.000000,0.000000,OPTIMAL,0.054270,0.054473,165,200,1066,5,12,8
Instance_37,cuts,38,38.000000,0.000000,OPTIMAL,0.047559,0.047798,160,205,931,5,12,8
Instance_38,cuts,57,57.000000,0.000000,OPTIMAL,0.029851,0.030036,165,200,1111,5,12,6
Instance_39,cuts,75,75.000000,0.000000,OPTIMAL,0.041957,0.042206,180,185,1261,5,12,6
Instance_40,cuts,78,78.000000,0.000000,OPTIMAL,0.066591,0.066819,135,200,1206,5,12,8
Instance_41,cuts,125,125.000000,0.000000,OPTIMAL,0.089044,0.089237,155,200,1001,5,12,8
Instance_42,cuts,148,148.000000,0.000000,OPTIMAL,0.048365,0.048592,130,205,1056,5,12,8
Instance_43,cuts,91,91.000000,0.000000,OPTIMAL,0.062219,0.062426,160,205,1006,5,12,8
Instance_44,cuts,67,67.000000,0.000000,OPTIMAL,0.033304,0.033508,170,195,1021,5,12,8
Instance_45,cuts,117,117.000000,0.000000,OPTIMAL,0.037440,0.037640,170,195,1036,5,12,8
Instance_46,cuts,56,56.000000,0.000000,OPTIMAL,0.051030,0.051218,145,210,836,5,12,8
Instance_47,cuts,44,44.000000,0.000000,OPTIMAL,0.038711,0.038899,155,200,806,5,12,8
Instance_48,cuts,50,50.000000,0.000000,OPTIMAL,0.025487,0.025683,175,190,916,5,12,8
Instance_49,cuts,51,51.000000,0.000000,OPTIMAL,0.028070,0.028247,170,195,886,5,12,8
Instance_50,cuts,58,58.000000,0.000000,OPTIMAL,0.039179,0.039359,160,195,776,5,12,8
Instance_51,cuts,85,85.000000,0.000000,OPTIMAL,0.067923,0.068154,145,210,896,5,12,8
Instance_52,cuts,162,162.000000,0.000000,OPTIMAL,0.065217,0.065424,155,210,1066,5,12,8
Instance_53,cuts,113,113.000000,0.000000,OPTIMAL,0.102904,0.103156,155,200,1031,5,12,8
Instance_54,cuts,120,120.000000,0.000000,OPTIMAL,0.074449,0.074638,145,210,956,5,12,8
Instance_55,cuts,160,160.000000,0.000000,OPTIMAL,0.089259,0.089489,165,200,991,5,12,8
Instance_56,cuts,69,69.000000,0.000000,OPTIMAL,0.051042,0.051210,145,210,806,5,12,8
Instance_57,cuts,140,140.000000,0.000000,OPTIMAL,0.044449,0.044659,145,210,1076,5,12,8
Instance_58,cuts,156,156.000000,0.000000,OPTIMAL,0.070463,0.070697,150,205,1181,5,12,8
Instance_59,cuts,142,142.000000,0.000000,OPTIMAL,0.059921,0.060104,150,205,941,5,12,8
Instance_60,cuts,134,134.000000,0.000000,OPTIMAL,0.071670,0.071853,155,210,961,5,12,8
Instance_61,cuts,106,106.000000,0.000000,OPTIMAL,0.083898,0.084112,140,265,1101,5,16,8
Instance_62,cuts,66,66.000000,0.000000,OPTIMAL,0.052590,0.052800,170,245,1091,5,16,8
Instance_63,cuts,60,60.000000,0.000000,OPTIMAL,0.066166,0.066363,195,220,986,5,16,7
Instance_64,cuts,27,27.000000,0.000000,OPTIMAL,0.035930,0.036124,160,255,866,5,16,8
Instance_65,cuts,68,68.000000,0.000000,OPTIMAL,0.055286,0.055490,165,235,1031,5,15,8
Instance_66,cuts,50,50.000000,0.000000,OPTIMAL,0.030673,0.030910,170,255,1216,5,16,8
Instance_67,cuts,59,59.000000,0.000000,OPTIMAL,0.057742,0.058012,205,220,1051,5,16,7
Instance_68,cuts,77,77.000000,0.000000,OPTIMAL,0.062368,0.062607,170,245,1256,5,16,8
Instance_69,cuts,47,47.000000,0.000000,OPTIMAL,0.032805,0.033008,200,225,1171,5,16,8
Instance_70,cuts,63,63.000000,0.000000,OPTIMAL,0.041156,0.041422,190,235,1156,5,16,7
Instance_71,cuts,119,119.000000,0.000000,OPTIMAL,0.073381,0.073603,145,270,1121,5,16,8
Instance_72,cuts,144,144.000000,0.000000,OPTIMAL,0.074092,0.074361,160,265,1246,5,16,8
Instance_73,cuts,141,141.000000,0.000000,OPTIMAL,0.076637,0.076878,150,265,1091,5,16,8
Instance_74,cuts,194,194.000000,0.000000,OPTIMAL,0.096854,0.097090,160,265,1366,5,16,8
Instance_75,cuts,118,118.000000,0.000000,OPTIMAL,0.042189,0.042384,160,265,1141,5,16,8
Instance_76,cuts,137,137.000000,0.000000,OPTIMAL,0.066733,0.066976,170,255,1261,5,16,8
Instance_77,cuts,129,129.000000,0.000000,OPTIMAL,0.097349,0.097532,155,260,1001,5,16,8
Instance_78,cuts,75,75.000000,0.000000,OPTIMAL,0.060803,0.061039,165,250,1016,5,16,8
Instance_79,cuts,98,98.000000,0.000000,OPTIMAL,0.071314,0.071583,170,255,1126,5,16,8
Instance_80,cuts,107,107.000000,0.000000,OPTIMAL,0.031769,0.031984,160,265,1366,5,16,8
Instance_81,cuts,93,93.000000,0.000000,OPTIMAL,0.085970,0.086203,155,270,1276,5,16,8
Instance_82,cuts,142,142.000000,0.000000,OPTIMAL,0.082522,0.082772,135,270,1041,5,16,8
Instance_83,cuts,141,141.000000,0.000000,OPTIMAL,0.069388,0.069626,150,265,986,5,16,8
Instance_84,cuts,199,199.000000,0.000000,OPTIMAL,0.099670,0.099910,155,270,1351,5,16,8
Instance_85,cuts,231,231.000000,0.000000,OPTIMAL,0.091762,0.091978,160,265,1216,5,16,8
Instance_86,cuts,194,194.000000,0.000000,OPTIMAL,0.095391,0.095635,155,270,1306,5,16,8
Instance_87,cuts,148,148.000000,0.000000,OPTIMAL,0.118441,0.118652,165,260,1291,5,16,8
Instance_88,cuts,159,159.000000,0.000000,OPTIMAL,0.049634,0.049846,145,270,1241,5,16,8
Instance_89,cuts,164,164.000000,0.000000,OPTIMAL,0.088961,0.089194,155,270,1336,5,16,8
Instance_90,cuts,215,215.000000,0.000000,OPTIMAL,0.053977,0.054210,160,265,1336,5,16,8
Instance_91,cuts,50,50.000000,0.000000,OPTIMAL,0.062050,0.062230,165,140,826,5,8,10
Instance_92,cuts,87,87.000000,0.000000,OPTIMAL,0.031479,0.031693,170,135,841,5,8,12
Instance_93,cuts,89,89.000000,0.000000,OPTIMAL,0.044961,0.045133,150,145,761,5,8,8
Instance_94,cuts,75,75.000000,0.000000,OPTIMAL,0.055401,0.055605,150,145,851,5,8,11
Instance_95,cuts,39,39.000000,0.000000,OPTIMAL,0.042951,0.043140,160,135,716,5,8,10
Instance_96,cuts,107,107.000000,0.000000,OPTIMAL,0.055787,0.055980,150,145,911,5,8,12
Instance_97,cuts,59,59.000000,0.000000,OPTIMAL,0.037525,0.037685,145,150,761,5,8,12
Instance_98,cuts,37,37.000000,0.000000,OPTIMAL,0.044673,0.044879,150,145,776,5,8,9
Instance_99,cuts,62,62.000000,0.000000,OPTIMAL,0.060380,0.060553,150,145,776,5,8,8
Instance_100,cuts,101,101.000000,0.000000,OPTIMAL,0.039891,0.040103,165,140,931,5,8,12
Instance_101,cuts,133,133.000000,0.000000,OPTIMAL,0.051135,0.051328,140,145,786,5,8,12
Instance_102,cuts,110,110.000000,0.000000,OPTIMAL,0.049585,0.049742,155,140,866,5,8,12
Instance_103,cuts,111,111.000000,0.000000,OPTIMAL,0.057911,0.058114,155,140,791,5,8,12
Instance_104,cuts,58,58.000000,0.000000,OPTIMAL,0.047869,0.048046,135,150,666,5,8,11
Instance_105,cuts,72,72.000000,0.000000,OPTIMAL,0.056174,0.056361,145,150,731,5,8,12
Instance_106,cuts,97,97.000000,0.000000,OPTIMAL,0.040230,0.040428,130,145,771,5,8,11
Instance_107,cuts,56,56.000000,0.000000,OPTIMAL,0.034460,0.034643,145,150,701,5,8,12
Instance_108,cuts,62,62.000000,0.000000,OPTIMAL,0.032857,0.033037,135,150,651,5,8,12
Instance_109,cuts,94,94.000000,0.000000,OPTIMAL,0.049225,0.049464,135,150,756,5,8,12
Instance_110,cuts,147,147.000000,0.000000,OPTIMAL,0.087839,0.088051,155,140,791,5,8,12
Instance_111,cuts,92,92.000000,0.000000,OPTIMAL,0.062071,0.062293,125,150,786,5,8,12
Instance_112,cuts,88,88.000000,0.000000,OPTIMAL,0.049054,0.049230,155,150,751,5,8,12
Instance_113,cuts,57,57.000000,0.000000,OPTIMAL,0.050208,0.050426,115,150,691,5,8,12
Instance_114,cuts,32,32.000000,0.000000,OPTIMAL,0.036712,0.036903,145,150,731,5,8,12
Instance_115,cuts,177,177.000000,0.000000,OPTIMAL,0.068014,0.068216,150,145,851,5,8,12
Instance_116,cuts,143,143.000000,0.000000,OPTIMAL,0.058654,0.058840,145,150,761,5,8,12
Instance_117,cuts,175,175.000000,0.000000,OPTIMAL,0.059022,0.059221,155,150,886,5,8,12
Instance_118,cuts,57,57.000000,0.000000,OPTIMAL,0.061003,0.061159,155,150,796,5,8,12
Instance_119,cuts,78,78.000000,0.000000,OPTIMAL,0.048226,0.048413,155,140,716,5,8,12
Instance_120,cuts,128,128.000000,0.000000,OPTIMAL,0.082694,0.082852,145,140,741,5,8,12
Instance_121,cuts,25,25.000000,0.000000,OPTIMAL,0.037510,0.037681,135,200,666,5,12,10
Instance_122,cuts,88,88.000000,0.000000,OPTIMAL,0.056120,0.056327,135,210,876,5,12,11
Instance_123,cuts,62,62.000000,0.000000,OPTIMAL,0.045489,0.045708,155,200,821,5,12,11
Instance_124,cuts,124,124.000000,0.000000,OPTIMAL,0.059285,0.059516,175,190,961,5,12,10
Instance_125,cuts,48,48.000000,0.000000,OPTIMAL,0.041042,0.041271,170,195,931,5,12,10
Instance_126,cuts,78,78.000000,0.000000,OPTIMAL,0.065457,0.065660,165,190,866,5,12,12
Instance_127,cuts,92,92.000000,0.000000,OPTIMAL,0.043756,0.043958,160,205,991,5,12,9
Instance_128,cuts,4,4.000000,0.000000,OPTIMAL,0.025245,0.025463,140,195,606,5,12,12
Instance_129,cuts,62,62.000000,0.000000,OPTIMAL,0.045783,0.045979,165,190,836,5,12,12
Instance_130,cuts,66,66.000000,0.000000,OPTIMAL,0.069034,0.069237,125,210,786,5,12,8
Instance_131,cuts,122,122.000000,0.000000,OPTIMAL,0.084242,0.084484,145,210,986,5,12,12
Instance_132,cuts,98,98.000000,0.000000,OPTIMAL,0.053777,0.053978,145,210,881,5,12,12
Instance_133,cuts,113,113.000000,0.000000,OPTIMAL,0.094332,0.094543,155,200,866,5,12,12
Instance_134,cuts,153,153.000000,0.000000,OPTIMAL,0.057804,0.058040,160,205,991,5,12,12
Instance_135,cuts,162,162.000000,0.000000,OPTIMAL,0.061735,0.061953,150,205,1016,5,12,12
Instance_136,cuts,206,206.000000,0.000000,OPTIMAL,0.048221,0.048468,160,205,1111,5,12,12
Instance_137,cuts,100,100.000000,0.000000,OPTIMAL,0.054203,0.054377,145,210,821,5,12,12
Instance_138,cuts,194,194.000000,0.000000,OPTIMAL,0.065079,0.065295,155,200,1016,5,12,12
Instance_139,cuts,100,100.000000,0.000000,OPTIMAL,0.090809,0.091032,130,205,801,5,12,12
Instance_140,cuts,150,150.000000,0.000000,OPTIMAL,0.070705,0.070906,150,205,866,5,12,12
Instance_141,cuts,101,101.000000,0.000000,OPTIMAL,0.095443,0.095704,145,210,1016,5,12,12
Instance_142,cuts,287,287.000000,0.000000,OPTIMAL,0.049912,0.050159,155,210,1111,5,12,12
Instance_143,cuts,91,91.000000,0.000000,OPTIMAL,0.061278,0.061445,155,210,901,5,12,12
Instance_144,cuts,269,269.000000,0.000000,OPTIMAL,0.077377,0.077563,160,205,1171,5,12,12
Instance_145,cuts,59,59.000000,0.000000,OPTIMAL,0.057771,0.058023,155,210,856,5,12,12
Instance_146,cuts,200,200.000000,0.000000,OPTIMAL,0.110572,0.110769,135,210,1281,5,12,12
Instance_147,cuts,215,215.000000,0.000000,OPTIMAL,0.091036,0.091279,145,210,1001,5,12,12
Instance_148,cuts,192,192.000000,0.000000,OPTIMAL,0.077842,0.078045,155,210,1006,5,12,12
Instance_149,cuts,185,185.000000,0.000000,OPTIMAL,0.038320,0.038510,130,205,876,5,12,12
Instance_150,cuts,200,200.000000,0.000000,OPTIMAL,0.053883,0.054107,150,205,926,5,12,12
Instance_151,cuts,191,191.000000,0.000000,OPTIMAL,0.044997,0.045256,175,250,1471,5,16,9
Instance_152,cuts,91,91.000000,0.000000,OPTIMAL,0.087193,0.087397,170,245,941,5,16,10
Instance_153,cuts,87,87.000000,0.000000,OPTIMAL,0.069668,0.069882,170,255,1111,5,16,11
Instance_154,cuts,82,82.000000,0.000000,OPTIMAL,0.053072,0.053318,160,255,1046,5,16,10
Instance_155,cuts,116,116.000000,0.000000,OPTIMAL,0.060798,0.061041,145,270,1271,5,16,11
Instance_156,cuts,33,33.000000,0.000000,OPTIMAL,0.043131,0.043347,185,240,871,5,16,10
Instance_157,cuts,141,141.000000,0.000000,OPTIMAL,0.036015,0.036271,175,250,1381,5,16,10
Instance_158,cuts,124,124.000000,0.000000,OPTIMAL,0.048823,0.049051,155,260,1256,5,16,11
Instance_159,cuts,133,133.000000,0.000000,OPTIMAL,0.105195,0.105434,160,265,1111,5,16,10
Instance_160,cuts,68,68.000000,0.000000,OPTIMAL,0.053688,0.053906,150,265,941,5,16,10
Instance_161,cuts,189,189.000000,0.000000,OPTIMAL,0.076505,0.076774,145,270,1106,5,16,12
Instance_162,cuts,201,201.000000,0.000000,OPTIMAL,0.077759,0.077977,150,265,1046,5,16,12
Instance_163,cuts,133,133.000000,0.000000,OPTIMAL,0.057317,0.057545,150,265,926,5,16,12
Instance_164,cuts,136,136.000000,0.000000,OPTIMAL,0.054118,0.054381,150,265,1151,5,16,12
Instance_165,cuts,215,215.000000,0.000000,OPTIMAL,0.061406,0.061677,160,265,1291,5,16,12
Instance_166,cuts,288,288.000000,0.000000,OPTIMAL,0.119047,0.119307,155,260,1316,5,16,12
Instance_167,cuts,294,294.000000,0.000000,OPTIMAL,0.062654,0.062888,155,270,1471,5,16,12
Instance_168,cuts,160,160.000000,0.000000,OPTIMAL,0.033608,0.033823,145,270,1121,5,16,12
Instance_169,cuts,205,205.000000,0.000000,OPTIMAL,0.109749,0.109995,145,270,1151,5,16,12
Instance_170,cuts,126,126.000000,0.000000,OPTIMAL,0.075647,0.075862,150,265,911,5,16,12
Instance_171,cuts,346,346.000000,0.000000,OPTIMAL,0.098571,0.098787,160,265,1336,5,16,12
Instance_172,cuts,202,202.000000,0.000000,OPTIMAL,0.106276,0.106524,145,270,1301,5,16,12
Instance_173,cuts,411,411.000000,0.000000,OPTIMAL,0.085990,0.086277,160,265,1471,5,16,12
Instance_174,cuts,325,325.000000,0.000000,OPTIMAL,0.112776,0.113003,160,265,1276,5,16,12
Instance_175,cuts,205,205.000000,0.000000,OPTIMAL,0.054493,0.054719,140,265,1191,5,16,12
Instance_176,cuts,268,268.000000,0.000000,OPTIMAL,0.088792,0.089063,155,270,1291,5,16,12
Instance_177,cuts,251,251.000000,0.000000,OPTIMAL,0.098216,0.098459,150,265,1016,5,16,12
Instance_178,cuts,377,377.000000,0.000000,OPTIMAL,0.097343,0.097565,165,260,1291,5,16,12
Instance_179,cuts,251,251.000000,0.000000,OPTIMAL,0.115674,0.115935,145,270,1376,5,16,12
Instance_180,cuts,207,207.000000,0.000000,OPTIMAL,0.091918,0.092156,160,265,1231,5,16,12
Instance_181,cuts,96,96.000000,0.000000,OPTIMAL,0.041265,0.041443,155,140,911,5,8,12
Instance_182,cuts,100,100.000000,0.000000,OPTIMAL,0.050883,0.051077,150,145,761,5,8,14
Instance_183,cuts,72,72.000000,0.000000,OPTIMAL,0.055951,0.056113,155,150,796,5,8,13
Instance_184,cuts,52,52.000000,0.000000,OPTIMAL,0.045466,0.045627,150,145,731,5,8,11
Instance_185,cuts,99,99.000000,0.000000,OPTIMAL,0.048981,0.049176,150,145,701,5,8,14
Instance_186,cuts,36,36.000000,0.000000,OPTIMAL,0.039919,0.040073,125,150,666,5,8,10
Instance_187,cuts,82,82.000000,0.000000,OPTIMAL,0.053772,0.053992,155,140,761,5,8,13
Instance_188,cuts,53,53.000000,0.000000,OPTIMAL,0.046827,0.047015,160,145,781,5,8,11
Instance_189,cuts,76,76.000000,0.000000,OPTIMAL,0.042957,0.043160,165,140,811,5,8,12
Instance_190,cuts,97,97.000000,0.000000,OPTIMAL,0.048165,0.048352,155,140,776,5,8,12
Instance_191,cuts,128,128.000000,0.000000,OPTIMAL,0.068910,0.069111,145,150,776,5,8,16
Instance_192,cuts,100,100.000000,0.000000,OPTIMAL,0.047107,0.047318,125,150,771,5,8,16
Instance_193,cuts,157,157.000000,0.000000,OPTIMAL,0.059743,0.059927,140,145,801,5,8,15
Instance_194,cuts,111,111.000000,0.000000,OPTIMAL,0.054914,0.055094,160,145,811,5,8,14
Instance_195,cuts,91,91.000000,0.000000,OPTIMAL,0.051221,0.051456,145,150,641,5,8,16
Instance_196,cuts,32,32.000000,0.000000,OPTIMAL,0.045681,0.045851,115,150,526,5,8,16
Instance_197,cuts,192,192.000000,0.000000,OPTIMAL,0.042464,0.042691,150,145,806,5,8,16
Instance_198,cuts,58,58.000000,0.000000,OPTIMAL,0.056488,0.056687,145,150,701,5,8,16
Instance_199,cuts,51,51.000000,0.000000,OPTIMAL,0.050035,0.050207,150,145,746,5,8,16
Instance_200,cuts,123,123.000000,0.000000,OPTIMAL,0.062048,0.062263,155,150,766,5,8,16
Instance_201,cuts,268,268.000000,0.000000,OPTIMAL,0.081771,0.082047,160,145,901,5,8,16
Instance_202,cuts,155,155.000000,0.000000,OPTIMAL,0.076189,0.076420,155,150,751,5,8,16
Instance_203,cuts,215,215.000000,0.000000,OPTIMAL,0.082215,0.082484,115,150,766,5,8,16
Instance_204,cuts,151,151.000000,0.000000,OPTIMAL,0.046982,0.047226,155,150,901,5,8,16
Instance_205,cuts,296,296.000000,0.000000,OPTIMAL,0.088926,0.089125,150,145,866,5,8,16
Instance_206,cuts,170,170.000000,0.000000,OPTIMAL,0.071013,0.071231,145,150,851,5,8,16
Instance_207,cuts,122,122.000000,0.000000,OPTIMAL,0.095984,0.096219,145,150,746,5,8,16
Instance_208,cuts,133,133.000000,0.000000,OPTIMAL,0.102501,0.102745,125,150,741,5,8,16
Instance_209,cuts,163,163.000000,0.000000,OPTIMAL,0.066572,0.066817,155,150,886,5,8,16
Instance_210,cuts,98,98.000000,0.000000,OPTIMAL,0.066347,0.066553,155,150,781,5,8,16
Instance_211,cuts,146,146.000000,0.000000,OPTIMAL,0.072627,0.072895,160,205,1006,5,12,11
Instance_212,cuts,159,159.000000,0.000000,OPTIMAL,0.068608,0.068906,145,210,1106,5,12,14
Instance_213,cuts,112,112.000000,0.000000,OPTIMAL,0.088004,0.088225,155,210,976,5,12,11
Instance_214,cuts,200,200.000000,0.000000,OPTIMAL,0.101165,0.101451,170,195,1096,5,12,15
Instance_215,cuts,148,148.000000,0.000000,OPTIMAL,0.090922,0.091158,160,205,991,5,12,11
Instance_216,cuts,79,79.000000,0.000000,OPTIMAL,0.043600,0.043784,160,205,826,5,12,13
Instance_217,cuts,158,158.000000,0.000000,OPTIMAL,0.055875,0.056107,145,210,1151,5,12,10
Instance_218,cuts,85,85.000000,0.000000,OPTIMAL,0.084491,0.084695,155,200,851,5,12,14
Instance_219,cuts,143,143.000000,0.000000,OPTIMAL,0.113534,0.113814,145,210,971,5,12,10
Instance_220,cuts,149,149.000000,0.000000,OPTIMAL,0.102511,0.102771,145,210,971,5,12,12
Instance_221,cuts,218,218.000000,0.000000,OPTIMAL,0.104060,0.104340,170,195,916,5,12,16
Instance_222,cuts,157,157.000000,0.000000,OPTIMAL,0.080247,0.080504,165,200,886,5,12,16
Instance_223,cuts,221,221.000000,0.000000,OPTIMAL,0.079299,0.079591,130,205,921,5,12,16
Instance_224,cuts,203,203.000000,0.000000,OPTIMAL,0.105138,0.105449,145,210,866,5,12,16
Instance_225,cuts,120,120.000000,0.000000,OPTIMAL,0.055882,0.056138,155,200,776,5,12,16
Instance_226,cuts,189,189.000000,0.000000,OPTIMAL,0.066635,0.066932,145,210,1031,5,12,15
Instance_227,cuts,328,328.000000,0.000000,OPTIMAL,0.062460,0.062747,150,205,1076,5,12,16
Instance_228,cuts,324,324.000000,0.000000,OPTIMAL,0.089603,0.089907,145,210,1031,5,12,16
Instance_229,cuts,230,230.000000,0.000000,OPTIMAL,0.124623,0.124904,145,210,941,5,12,16
Instance_230,cuts,207,207.000000,0.000000,OPTIMAL,0.107502,0.107764,150,205,926,5,12,16
Instance_231,cuts,206,206.000000,0.000000,OPTIMAL,0.078768,0.079012,145,210,1031,5,12,16
Instance_232,cuts,185,185.000000,0.000000,OPTIMAL,0.129372,0.129710,145,210,1091,5,12,16
Instance_233,cuts,174,174.000000,0.000000,OPTIMAL,0.115109,0.115416,155,210,916,5,12,16
Instance_234,cuts,338,338.000000,0.000000,OPTIMAL,0.102688,0.102907,150,205,911,5,12,16
Instance_235,cuts,107,107.000000,0.000000,OPTIMAL,0.065849,0.066106,155,210,946,5,12,16
Instance_236,cuts,166,166.000000,0.000000,OPTIMAL,0.062120,0.062341,155,210,976,5,12,16
Instance_237,cuts,232,232.000000,0.000000,OPTIMAL,0.119168,0.119440,145,210,1001,5,12,16
Instance_238,cuts,319,319.000000,0.000000,OPTIMAL,0.090474,0.090724,155,210,1036,5,12,16
Instance_239,cuts,351,351.000000,0.000000,OPTIMAL,0.083476,0.083694,160,205,991,5,12,16
Instance_240,cuts,219,219.000000,0.000000,OPTIMAL,0.078569,0.078788,145,210,1061,5,12,16
Instance_241,cuts,292,292.000000,0.000000,OPTIMAL,0.095737,0.096003,160,265,1381,5,16,14
Instance_242,cuts,240,240.000000,0.000000,OPTIMAL,0.063586,0.063849,160,265,1381,5,16,14
Instance_243,cuts,243,243.000000,0.000000,OPTIMAL,0.102528,0.102812,160,255,1241,5,16,11
Instance_244,cuts,284,284.000000,0.000000,OPTIMAL,0.101650,0.101909,160,265,1261,5,16,13
Instance_245,cuts,168,168.000000,0.000000,OPTIMAL,0.093730,0.094094,160,265,1021,5,16,12
Instance_246,cuts,106,106.000000,0.000000,OPTIMAL,0.126291,0.126585,155,260,971,5,16,15
Instance_247,cuts,155,155.000000,0.000000,OPTIMAL,0.108089,0.108406,155,270,1096,5,16,15
Instance_248,cuts,156,156.000000,0.000000,OPTIMAL,0.045648,0.045885,155,270,1171,5,16,16
Instance_249,cuts,158,158.000000,0.000000,OPTIMAL,0.061916,0.062203,150,265,1091,5,16,12
Instance_250,cuts,152,152.000000,0.000000,OPTIMAL,0.047768,0.048045,155,270,1111,5,16,14
Instance_251,cuts,82,82.000000,0.000000,OPTIMAL,0.089051,0.089268,150,265,881,5,16,16
Instance_252,cuts,333,333.000000,0.000000,OPTIMAL,0.071249,0.071505,170,255,1276,5,16,16
Instance_253,cuts,382,382.000000,0.000000,OPTIMAL,0.112709,0.113007,155,270,1381,5,16,16
Instance_254,cuts,153,153.000000,0.000000,OPTIMAL,0.102679,0.102889,145,270,941,5,16,16
Instance_255,cuts,191,191.000000,0.000000,OPTIMAL,0.109848,0.110103,155,270,1111,5,16,16
Instance_256,cuts,251,251.000000,0.000000,OPTIMAL,0.057135,0.057400,145,270,1211,5,16,16
Instance_257,cuts,351,351.000000,0.000000,OPTIMAL,0.131043,0.131368,160,265,1291,5,16,16
Instance_258,cuts,438,438.000000,0.000000,OPTIMAL,0.127324,0.127544,145,270,1316,5,16,16
Instance_259,cuts,453,453.000000,0.000000,OPTIMAL,0.124088,0.124350,145,270,1316,5,16,16
Instance_260,cuts,278,278.000000,0.000000,OPTIMAL,0.055546,0.055784,170,255,1291,5,16,16
Instance_261,cuts,340,340.000000,0.000000,OPTIMAL,0.135651,0.135970,160,265,1111,5,16,16
Instance_262,cuts,411,411.000000,0.000000,OPTIMAL,0.130493,0.130798,145,270,1211,5,16,16
Instance_263,cuts,178,178.000000,0.000000,OPTIMAL,0.086355,0.086611,145,270,956,5,16,16
Instance_264,cuts,460,460.000000,0.000000,OPTIMAL,0.120747,0.121020,145,270,1376,5,16,16
Instance_265,cuts,164,164.000000,0.000000,OPTIMAL,0.096978,0.097226,155,270,916,5,16,16
Instance_266,cuts,249,249.000000,0.000000,OPTIMAL,0.115707,0.115959,155,270,1261,5,16,16
Instance_267,cuts,251,251.000000,0.000000,OPTIMAL,0.072271,0.072500,145,270,1016,5,16,16
Instance_268,cuts,331,331.000000,0.000000,OPTIMAL,0.158691,0.158939,155,270,1201,5,16,16
Instance_269,cuts,232,232.000000,0.000000,OPTIMAL,0.110772,0.110997,160,265,1081,5,16,16
Instance_270,cuts,222,222.000000,0.000000,OPTIMAL,0.063873,0.064125,155,270,1291,5,16,16
Instance_271,cuts,41,41.000000,0.000000,OPTIMAL,2.258552,2.259038,1150,270,3871,10,8,8
Instance_272,cuts,46,46.000000,0.000000,OPTIMAL,6.003339,6.004114,1090,310,3861,10,8,8
Instance_273,cuts,53,53.000000,0.000000,OPTIMAL,6.474842,6.475337,1070,290,3851,10,8,8
Instance_274,cuts,32,32.000000,0.000000,OPTIMAL,0.308576,0.309039,1020,320,3421,10,8,6
Instance_275,cuts,40,40.000000,0.000000,OPTIMAL,0.626257,0.626824,1110,290,3831,10,8,8
Instance_276,cuts,31,31.000000,0.000000,OPTIMAL,1.476417,1.477080,1090,290,3641,10,8,6
Instance_277,cuts,47,47.000000,0.000000,OPTIMAL,157.536552,157.537310,1050,310,3611,10,8,6
Instance_278,cuts,34,34.000000,0.000000,OPTIMAL,32.276928,32.277479,1020,320,3691,10,8,5
Instance_279,cuts,40,40.000000,0.000000,OPTIMAL,20.039194,20.039691,1060,300,3581,10,8,7
Instance_280,cuts,61,61.000000,0.000000,OPTIMAL,10.531674,10.532261,1070,290,4121,10,8,8
Instance_281,cuts,70,70.000000,0.000000,OPTIMAL,3.735841,3.736306,970,310,3361,10,8,8
Instance_282,cuts,86,86.000000,0.000000,OPTIMAL,16.871337,16.871967,990,330,3961,10,8,8
Instance_283,cuts,114,114.000000,0.000000,OPTIMAL,60.568675,60.569387,1040,340,4031,10,8,8
Instance_284,cuts,73,73.000000,0.000000,OPTIMAL,29.335152,29.335669,1050,330,3851,10,8,8
Instance_285,cuts,70,70.000000,0.000000,OPTIMAL,283.987558,283.988046,960,340,3491,10,8,8
Instance_286,cuts,74,74.000000,0.000000,OPTIMAL,5.671728,5.672242,1080,320,3801,10,8,8
Instance_287,cuts,71,71.000000,0.000000,OPTIMAL,35.800344,35.800826,1060,320,3701,10,8,8
Instance_288,cuts,107,39.000000,0.635514,FEASIBLE,600.001231,600.001807,1010,330,3661,10,8,8
Instance_289,cuts,86,86.000000,0.000000,OPTIMAL,35.716920,35.717424,1080,320,3951,10,8,8
Instance_290,cuts,98,98.000000,0.000000,OPTIMAL,21.823222,21.823708,1050,310,3791,10,8,8
Instance_291,cuts,158,158.000000,0.000000,OPTIMAL,44.029573,44.030199,1030,330,4031,10,8,8
Instance_292,cuts,117,39.000000,0.666667,FEASIBLE,600.004666,600.005237,980,340,3751,10,8,8
Instance_293,cuts,128,128.000000,0.000000,OPTIMAL,121.288382,121.288935,1020,320,3961,10,8,8
Instance_294,cuts,122,23.000000,0.811475,FEASIBLE,600.002323,600.002897,1000,340,3661,10,8,8
Instance_295,cuts,82,28.000000,0.658537,FEASIBLE,600.002942,600.003458,990,330,3561,10,8,8
Instance_296,cuts,67,67.000000,0.000000,OPTIMAL,84.454877,84.455405,1010,350,3491,10,8,8
Instance_297,cuts,102,102.000000,0.000000,OPTIMAL,98.118612,98.119131,970,330,3791,10,8,8
Instance_298,cuts,89,89.000000,0.000000,OPTIMAL,271.386190,271.386713,990,330,3351,10,8,8
Instance_299,cuts,121,121.000000,0.000000,OPTIMAL,545.242539,545.243339,970,350,4011,10,8,8
Instance_300,cuts,185,51.000000,0.724324,FEASIBLE,600.004136,600.004704,1010,310,4141,10,8,8
Instance_301,cuts,59,59.000000,0.000000,OPTIMAL,3.041174,3.041848,1060,420,4391,10,12,7
Instance_302,cuts,71,71.000000,0.000000,OPTIMAL,6.817456,6.818074,1100,420,4461,10,12,6
Instance_303,cuts,31,31.000000,0.000000,OPTIMAL,1.273724,1.274336,1100,440,4021,10,12,6
Instance_304,cuts,52,52.000000,0.000000,OPTIMAL,6.128082,6.128669,1070,430,4101,10,12,7
Instance_305,cuts,67,67.000000,0.000000,OPTIMAL,2.278523,2.279145,1150,390,4471,10,12,8
Instance_306,cuts,32,32.000000,0.000000,OPTIMAL,8.846792,8.847414,1100,380,3481,10,12,8
Instance_307,cuts,54,54.000000,0.000000,OPTIMAL,7.953593,7.954194,1060,400,3851,10,12,7
Instance_308,cuts,41,41.000000,0.000000,OPTIMAL,0.490375,0.490875,1130,410,4291,10,12,8
Instance_309,cuts,54,54.000000,0.000000,OPTIMAL,1.002259,1.002840,1140,400,4231,10,12,7
Instance_310,cuts,59,59.000000,0.000000,OPTIMAL,3.030181,3.030692,1080,420,3921,10,12,8
Instance_311,cuts,127,127.000000,0.000000,OPTIMAL,57.503722,57.504243,1070,450,4371,10,12,8
Instance_312,cuts,140,140.000000,0.000000,OPTIMAL,6.178628,6.179179,1020,440,4601,10,12,8
Instance_313,cuts,70,70.000000,0.000000,OPTIMAL,24.965152,24.965684,1100,440,4141,10,12,8
Instance_314,cuts,166,166.000000,0.000000,OPTIMAL,87.502484,87.503065,1090,430,4791,10,12,8
Instance_315,cuts,88,88.000000,0.000000,OPTIMAL,20.824665,20.825157,1040,440,3881,10,12,8
Instance_316,cuts,105,105.000000,0.000000,OPTIMAL,5.603788,5.604350,1040,440,4931,10,12,8
Instance_317,cuts,101,101.000000,0.000000,OPTIMAL,5.482805,5.483306,1050,430,4181,10,12,8
Instance_318,cuts,97,97.000000,0.000000,OPTIMAL,11.234255,11.234751,1040,440,4001,10,12,8
Instance_319,cuts,167,167.000000,0.000000,OPTIMAL,17.845332,17.845898,1070,430,5021,10,12,8
Instance_320,cuts,141,141.000000,0.000000,OPTIMAL,238.866578,238.867188,1060,460,4131,10,12,8
Instance_321,cuts,240,30.000000,0.875000,FEASIBLE,600.003137,600.003767,1050,450,4791,10,12,8
Instance_322,cuts,182,38.000000,0.791209,FEASIBLE,600.004963,600.005511,1080,460,4741,10,12,8
Instance_323,cuts,213,41.000000,0.807512,FEASIBLE,600.001985,600.002573,1060,460,4471,10,12,8
Instance_324,cuts,193,193.000000,0.000000,OPTIMAL,38.244413,38.245034,980,460,5281,10,12,8
Instance_325,cuts,210,210.000000,0.000000,OPTIMAL,106.554350,106.554878,1090,450,4381,10,12,8
Instance_326,cuts,173,20.000000,0.884393,FEASIBLE,600.004697,600.005599,1080,460,5041,10,12,8
Instance_327,cuts,140,140.000000,0.000000,OPTIMAL,41.895551,41.896336,1050,450,4581,10,12,8
Instance_328,cuts,256,41.000000,0.839844,FEASIBLE,600.030206,600.031057,990,450,4851,10,12,8
Instance_329,cuts,196,21.000000,0.892857,FEASIBLE,600.004857,600.005787,1040,460,4851,10,12,8
Instance_330,cuts,159,159.000000,0.000000,OPTIMAL,307.454937,307.455844,1100,440,4621,10,12,8
Instance_331,cuts,54,54.000000,0.000000,OPTIMAL,0.231967,0.232896,1140,560,5031,10,16,7
Instance_332,cuts,55,55.000000,0.000000,OPTIMAL,0.674064,0.675120,1110,550,5011,10,16,7
Instance_333,cuts,77,77.000000,0.000000,OPTIMAL,4.460908,4.461632,1130,530,4921,10,16,8
Instance_334,cuts,116,116.000000,0.000000,OPTIMAL,0.638061,0.638807,1100,520,5511,10,16,8
Instance_335,cuts,47,47.000000,0.000000,OPTIMAL,0.711441,0.712043,1090,550,4491,10,16,8
Instance_336,cuts,41,41.000000,0.000000,OPTIMAL,2.081083,2.081642,940,560,3601,10,16,8
Instance_337,cuts,76,76.000000,0.000000,OPTIMAL,63.320477,63.321287,1160,480,4311,10,16,8
Instance_338,cuts,63,63.000000,0.000000,OPTIMAL,0.630409,0.630960,1060,500,4011,10,16,8
Instance_339,cuts,45,45.000000,0.000000,OPTIMAL,4.329265,4.329964,970,570,3671,10,16,7
Instance_340,cuts,57,57.000000,0.000000,OPTIMAL,3.834859,3.835593,1080,540,4191,10,16,8
Instance_341,cuts,143,143.000000,0.000000,OPTIMAL,5.311561,5.312492,1100,540,5121,10,16,8
Instance_342,cuts,201,201.000000,0.000000,OPTIMAL,25.870271,25.871151,1060,540,5591,10,16,8
Instance_343,cuts,150,150.000000,0.000000,OPTIMAL,4.814253,4.815215,1120,540,5611,10,16,8
Instance_344,cuts,192,192.000000,0.000000,OPTIMAL,130.631814,130.632702,1030,570,5501,10,16,8
Instance_345,cuts,130,130.000000,0.000000,OPTIMAL,10.908667,10.909261,1110,550,5371,10,16,8
Instance_346,cuts,141,141.000000,0.000000,OPTIMAL,193.251255,193.252024,1110,550,4891,10,16,8
Instance_347,cuts,94,94.000000,0.000000,OPTIMAL,1.399343,1.400124,1120,540,4801,10,16,8
Instance_348,cuts,150,150.000000,0.000000,OPTIMAL,27.933277,27.934157,1110,550,4861,10,16,8
Instance_349,cuts,74,74.000000,0.000000,OPTIMAL,17.716963,17.717813,1080,540,4311,10,16,8
Instance_350,cuts,127,127.000000,0.000000,OPTIMAL,26.871997,26.872661,1120,540,4681,10,16,8
Instance_351,cuts,237,37.000000,0.843882,FEASIBLE,600.021696,600.025585,1060,580,5421,10,16,8
Instance_352,cuts,275,275.000000,0.000000,OPTIMAL,183.659325,183.660150,1080,560,6021,10,16,8
Instance_353,cuts,324,36.000000,0.888889,FEASIBLE,600.006850,600.007739,1100,580,5801,10,16,8
Instance_354,cuts,221,221.000000,0.000000,OPTIMAL,145.713264,145.714309,1020,580,5651,10,16,8
Instance_355,cuts,277,44.000000,0.841155,FEASIBLE,600.007414,598.144785,1070,590,5551,10,16,8
Instance_356,cuts,153,28.000000,0.816993,FEASIBLE,600.005652,600.006649,1070,570,4621,10,16,8
Instance_357,cuts,274,45.000000,0.835766,FEASIBLE,600.005828,600.006759,1070,590,5881,10,16,8
Instance_358,cuts,152,22.000000,0.855263,FEASIBLE,600.007923,600.008813,1100,580,5381,10,16,8
Instance_359,cuts,205,41.000000,0.800000,FEASIBLE,600.004634,600.005416,1050,570,5481,10,16,8
Instance_360,cuts,404,76.000000,0.811881,FEASIBLE,600.004944,600.005646,1110,570,5951,10,16,8
Instance_361,cuts,17,17.000000,0.000000,OPTIMAL,4.486997,4.487647,960,300,2941,10,8,11
Instance_362,cuts,39,39.000000,0.000000,OPTIMAL,11.505900,11.506613,970,350,3301,10,8,10
Instance_363,cuts,76,76.000000,0.000000,OPTIMAL,2.241147,2.241876,1020,320,3371,10,8,10
Instance_364,cuts,65,65.000000,0.000000,OPTIMAL,168.739822,168.740636,1030,330,3521,10,8,7
Instance_365,cuts,75,75.000000,0.000000,OPTIMAL,3.812095,3.812784,1050,310,3641,10,8,10
Instance_366,cuts,74,74.000000,0.000000,OPTIMAL,1.787419,1.788218,1060,280,3691,10,8,11
Instance_367,cuts,60,60.000000,0.000000,OPTIMAL,14.561788,14.562572,1060,320,3791,10,8,9
Instance_368,cuts,86,86.000000,0.000000,OPTIMAL,123.886443,123.887115,1070,330,4011,10,8,8
Instance_369,cuts,69,69.000000,0.000000,OPTIMAL,16.241253,16.241941,1070,310,3611,10,8,10
Instance_370,cuts,143,143.000000,0.000000,OPTIMAL,238.411501,238.412315,900,320,4231,10,8,8
Instance_371,cuts,145,145.000000,0.000000,OPTIMAL,441.385875,441.386607,1050,330,3881,10,8,12
Instance_372,cuts,163,163.000000,0.000000,OPTIMAL,281.543847,281.544612,1010,350,3701,10,8,12
Instance_373,cuts,192,69.000000,0.640625,FEASIBLE,600.005050,600.005880,900,340,3701,10,8,12
Instance_374,cuts,104,104.000000,0.000000,OPTIMAL,126.922105,126.922650,1010,350,3521,10,8,12
Instance_375,cuts,140,140.000000,0.000000,OPTIMAL,354.873939,354.874641,1070,330,3681,10,8,12
Instance_376,cuts,199,199.000000,0.000000,OPTIMAL,155.587962,155.588780,980,340,3721,10,8,12
Instance_377,cuts,245,58.000000,0.763265,FEASIBLE,600.025062,600.025927,1020,340,4031,10,8,12
Instance_378,cuts,137,137.000000,0.000000,OPTIMAL,39.667538,39.668259,1030,330,3881,10,8,12
Instance_379,cuts,158,23.000000,0.854430,FEASIBLE,600.005340,600.006133,970,330,3611,10,8,12
Instance_380,cuts,210,210.000000,0.000000,OPTIMAL,57.415228,57.416032,990,330,4221,10,8,12
Instance_381,cuts,263,59.000000,0.775665,FEASIBLE,600.007379,600.008168,1040,340,3861,10,8,12
Instance_382,cuts,189,189.000000,0.000000,OPTIMAL,478.661110,478.661659,1020,340,3671,10,8,12
Instance_383,cuts,286,56.000000,0.804196,FEASIBLE,600.004185,600.005087,1050,330,4251,10,8,12
Instance_384,cuts,291,39.000000,0.865979,FEASIBLE,600.003380,600.004237,1000,340,4021,10,8,12
Instance_385,cuts,209,55.000000,0.736842,FEASIBLE,600.003350,600.004072,1030,350,3941,10,8,12
Instance_386,cuts,251,36.000000,0.856574,FEASIBLE,600.005229,600.006049,1060,340,4041,10,8,12
Instance_387,cuts,210,210.000000,0.000000,OPTIMAL,536.018628,536.019506,1030,330,3701,10,8,12
Instance_388,cuts,213,37.000000,0.826291,FEASIBLE,600.005256,600.006207,930,350,3611,10,8,12
Instance_389,cuts,255,40.000000,0.843137,FEASIBLE,600.005187,600.005983,1040,340,4071,10,8,12
Instance_390,cuts,101,101.000000,0.000000,OPTIMAL,209.978957,209.979783,1030,350,3851,10,8,12
Instance_391,cuts,128,128.000000,0.000000,OPTIMAL,27.502181,27.503012,1080,420,4221,10,12,12
Instance_392,cuts,136,136.000000,0.000000,OPTIMAL,91.876110,91.876996,1070,430,4671,10,12,9
Instance_393,cuts,53,53.000000,0.000000,OPTIMAL,19.459404,19.460154,1050,450,3761,10,12,10
Instance_394,cuts,168,28.000000,0.833333,FEASIBLE,600.003846,600.004663,1100,440,4591,10,12,10
Instance_395,cuts,164,164.000000,0.000000,OPTIMAL,188.621545,188.622348,1090,450,4561,10,12,8
Instance_396,cuts,102,102.000000,0.000000,OPTIMAL,3.531963,3.532853,1100,420,4101,10,12,9
Instance_397,cuts,129,129.000000,0.000000,OPTIMAL,23.036407,23.037322,1090,430,4761,10,12,10
Instance_398,cuts,146,146.000000,0.000000,OPTIMAL,6.712900,6.713706,1080,440,4521,10,12,12
Instance_399,cuts,112,112.000000,0.000000,OPTIMAL,19.323844,19.324684,1060,440,4431,10,12,10
Instance_400,cuts,80,80.000000,0.000000,OPTIMAL,65.585419,65.586116,1020,440,3361,10,12,12
Instance_401,cuts,174,174.000000,0.000000,OPTIMAL,16.873478,16.874317,1030,450,4241,10,12,12
Instance_402,cuts,234,234.000000,0.000000,OPTIMAL,548.404238,548.405045,1020,460,4421,10,12,12
Instance_403,cuts,250,250.000000,0.000000,OPTIMAL,536.112996,536.113914,1060,440,4821,10,12,12
Instance_404,cuts,235,235.000000,0.000000,OPTIMAL,283.064039,283.064855,1070,470,4621,10,12,12
Instance_405,cuts,293,293.000000,0.000000,OPTIMAL,111.110729,111.111564,1130,410,5101,10,12,12
Instance_406,cuts,261,47.000000,0.819923,FEASIBLE,600.043075,600.044045,1090,450,5101,10,12,12
Instance_407,cuts,222,74.000000,0.666667,FEASIBLE,600.005810,600.006672,1050,450,4011,10,12,12
Instance_408,cuts,253,253.000000,0.000000,OPTIMAL,62.758827,62.759805,1080,460,4351,10,12,12
Instance_409,cuts,199,199.000000,0.000000,OPTIMAL,417.409343,417.410202,1030,450,4151,10,12,12
Instance_410,cuts,330,66.000000,0.800000,FEASIBLE,600.005726,600.006712,1070,450,4911,10,12,12
Instance_411,cuts,178,64.000000,0.640449,FEASIBLE,600.004323,600.005144,1070,470,4321,10,12,12
Instance_412,cuts,404,53.000000,0.868812,FEASIBLE,600.058822,600.059866,1070,450,4581,10,12,12
Instance_413,cuts,194,44.000000,0.773196,FEASIBLE,600.003647,600.004426,1040,460,3831,10,12,12
Instance_414,cuts,287,47.000000,0.836237,FEASIBLE,600.040222,600.041100,1050,470,4561,10,12,12
Instance_415,cuts,329,34.000000,0.896657,FEASIBLE,600.005496,600.006431,950,470,4391,10,12,12
Instance_416,cuts,177,37.000000,0.790960,FEASIBLE,600.004621,600.005497,1000,460,3751,10,12,12
Instance_417,cuts,250,46.000000,0.816000,FEASIBLE,600.004854,600.005801,1080,440,4491,10,12,12
Instance_418,cuts,408,127.000000,0.688725,FEASIBLE,600.005886,600.006842,1040,460,4661,10,12,12
Instance_419,cuts,327,61.000000,0.813456,FEASIBLE,600.005099,600.005969,1100,460,4391,10,12,12
Instance_420,cuts,360,40.000000,0.888889,FEASIBLE,600.006013,600.006940,1070,470,4561,10,12,12
Instance_421,cuts,213,213.000000,0.000000,OPTIMAL,255.803128,255.804120,1070,570,5271,10,16,9
Instance_422,cuts,172,172.000000,0.000000,OPTIMAL,457.227788,457.228448,1050,570,5061,10,16,12
Instance_423,cuts,130,130.000000,0.000000,OPTIMAL,5.538060,5.539061,1040,560,4631,10,16,10
Instance_424,cuts,157,157.000000,0.000000,OPTIMAL,192.119180,192.119822,1070,550,4631,10,16,11
Instance_425,cuts,160,160.000000,0.000000,OPTIMAL,422.019726,422.020690,1040,580,5091,10,16,9
Instance_426,cuts,170,170.000000,0.000000,OPTIMAL,3.352528,3.353548,1120,560,5921,10,16,12
Instance_427,cuts,129,129.000000,0.000000,OPTIMAL,13.673343,13.674210,1050,570,4371,10,16,11
Instance_428,cuts,237,237.000000,0.000000,OPTIMAL,137.375211,137.376029,1080,560,5721,10,16,10
Instance_429,cuts,153,153.000000,0.000000,OPTIMAL,19.165310,19.166354,1200,500,5031,10,16,11
Instance_430,cuts,160,160.000000,0.000000,OPTIMAL,16.504859,16.505631,1070,570,5251,10,16,9
Instance_431,cuts,220,35.000000,0.840909,FEASIBLE,600.006650,600.007684,1070,570,4821,10,16,12
Instance_432,cuts,256,20.000000,0.921875,FEASIBLE,600.006370,600.007334,1010,590,4661,10,16,12
Instance_433,cuts,218,28.000000,0.871560,FEASIBLE,600.006495,600.007450,1040,580,4541,10,16,12
Instance_434,cuts,320,320.000000,0.000000,OPTIMAL,352.229240,352.230214,1100,560,5281,10,16,12
Instance_435,cuts,356,356.000000,0.000000,OPTIMAL,236.012142,236.013164,1030,570,5501,10,16,12
Instance_436,cuts,198,198.000000,0.000000,OPTIMAL,296.308447,296.309258,1070,590,4531,10,16,12
Instance_437,cuts,432,50.000000,0.884259,FEASIBLE,600.005900,600.006826,1080,580,5551,10,16,12
Instance_438,cuts,245,245.000000,0.000000,OPTIMAL,417.783195,417.784040,1040,580,5151,10,16,12
Instance_439,cuts,278,37.000000,0.866906,FEASIBLE,600.005546,600.006561,1070,570,5041,10,16,12
Instance_440,cuts,404,105.000000,0.740099,FEASIBLE,600.002966,600.003806,1120,560,6101,10,16,12
Instance_441,cuts,390,60.000000,0.846154,FEASIBLE,600.004395,600.005339,1060,580,5121,10,16,12
Instance_442,cuts,411,93.000000,0.773723,FEASIBLE,600.004804,600.005896,1050,590,6121,10,16,12
Instance_443,cuts,342,58.000000,0.830409,FEASIBLE,600.008212,600.009101,1040,580,4461,10,16,12
Instance_444,cuts,400,400.000000,0.000000,OPTIMAL,301.571295,301.572267,1060,560,5061,10,16,12
Instance_445,cuts,474,56.000000,0.881857,FEASIBLE,600.057270,600.058365,1100,560,5851,10,16,12
Instance_446,cuts,260,35.000000,0.865385,FEASIBLE,600.034244,597.944638,1010,590,4931,10,16,12
Instance_447,cuts,369,43.000000,0.883469,FEASIBLE,600.005764,600.006643,1090,570,5041,10,16,12
Instance_448,cuts,423,56.000000,0.867612,FEASIBLE,600.005721,600.006659,1110,570,5801,10,16,12
Instance_449,cuts,402,51.000000,0.873134,FEASIBLE,600.005283,600.006263,1050,590,5481,10,16,12
Instance_450,cuts,374,44.000000,0.882353,FEASIBLE,600.007781,600.008733,1080,580,5131,10,16,12
Instance_451,cuts,107,107.000000,0.000000,OPTIMAL,9.255717,9.256518,1040,320,4181,10,8,11
Instance_452,cuts,91,91.000000,0.000000,OPTIMAL,66.085277,66.085849,1030,350,3471,10,8,11
Instance_453,cuts,122,122.000000,0.000000,OPTIMAL,124.848804,124.849676,1040,320,3941,10,8,11
Instance_454,cuts,133,133.000000,0.000000,OPTIMAL,13.651617,13.652325,1010,330,3881,10,8,12
Instance_455,cuts,155,30.000000,0.806452,FEASIBLE,600.006051,600.006830,1040,320,3641,10,8,12
Instance_456,cuts,117,117.000000,0.000000,OPTIMAL,352.563005,352.563775,1000,340,3571,10,8,11
Instance_457,cuts,129,129.000000,0.000000,OPTIMAL,68.257270,68.257981,1010,330,3751,10,8,13
Instance_458,cuts,69,69.000000,0.000000,OPTIMAL,18.151089,18.151829,1060,320,3521,10,8,13
Instance_459,cuts,169,32.000000,0.810651,FEASIBLE,600.005670,600.006477,1020,340,3941,10,8,12
Instance_460,cuts,148,148.000000,0.000000,OPTIMAL,398.352210,398.352945,1070,330,3741,10,8,10
Instance_461,cuts,232,232.000000,0.000000,OPTIMAL,146.441076,146.441876,1030,350,4031,10,8,16
Instance_462,cuts,189,189.000000,0.000000,OPTIMAL,202.442299,202.442865,1040,340,3641,10,8,16
Instance_463,cuts,210,210.000000,0.000000,OPTIMAL,38.921913,38.922688,1020,340,4061,10,8,16
Instance_464,cuts,157,157.000000,0.000000,OPTIMAL,412.368846,412.369657,1010,330,3401,10,8,16
Instance_465,cuts,256,256.000000,0.000000,OPTIMAL,141.349660,141.350452,1020,320,3821,10,8,16
Instance_466,cuts,211,43.000000,0.796209,FEASIBLE,600.005058,600.006057,1010,330,3961,10,8,16
Instance_467,cuts,173,173.000000,0.000000,OPTIMAL,209.570986,209.571776,1070,330,3861,10,8,16
Instance_468,cuts,122,33.000000,0.729508,FEASIBLE,600.004530,600.005391,1010,330,3361,10,8,16
Instance_469,cuts,265,105.000000,0.603774,FEASIBLE,600.003361,600.004255,1030,350,4191,10,8,16
Instance_470,cuts,269,107.000000,0.602230,FEASIBLE,600.004642,600.005529,1020,340,3911,10,8,16
Instance_471,cuts,241,241.000000,0.000000,OPTIMAL,270.543881,270.544693,990,330,3721,10,8,16
Instance_472,cuts,293,45.000000,0.846416,FEASIBLE,600.026692,600.027635,1020,340,3911,10,8,16
Instance_473,cuts,177,40.000000,0.774011,FEASIBLE,600.004831,600.005647,1000,340,3571,10,8,16
Instance_474,cuts,220,45.000000,0.795455,FEASIBLE,600.006145,600.007020,1060,340,3861,10,8,16
Instance_475,cuts,278,51.000000,0.816547,FEASIBLE,600.004995,600.005874,970,350,3811,10,8,16
Instance_476,cuts,89,28.000000,0.685393,FEASIBLE,600.003496,600.004240,1000,340,3571,10,8,16
Instance_477,cuts,258,37.000000,0.856589,FEASIBLE,600.007263,600.008095,970,350,3771,10,8,16
Instance_478,cuts,379,76.000000,0.799472,FEASIBLE,600.003828,600.004670,1010,350,4121,10,8,16
Instance_479,cuts,312,69.000000,0.778846,FEASIBLE,600.004693,600.005482,1040,340,3711,10,8,16
Instance_480,cuts,256,59.000000,0.769531,FEASIBLE,600.003032,600.003817,1030,330,3791,10,8,16
Instance_481,cuts,195,47.000000,0.758974,FEASIBLE,600.005316,600.006197,1070,430,3891,10,12,15
Instance_482,cuts,128,128.000000,0.000000,OPTIMAL,93.784062,93.784875,1070,430,4131,10,12,11
Instance_483,cuts,200,200.000000,0.000000,OPTIMAL,92.833760,92.834638,1080,440,4221,10,12,13
Instance_484,cuts,276,22.000000,0.920290,FEASIBLE,600.004951,600.005808,1070,450,4641,10,12,13
Instance_485,cuts,227,227.000000,0.000000,OPTIMAL,33.821414,33.822248,1080,460,4861,10,12,16
Instance_486,cuts,193,193.000000,0.000000,OPTIMAL,208.307668,208.308532,1120,440,4421,10,12,12
Instance_487,cuts,216,27.000000,0.875000,FEASIBLE,600.007515,600.008546,1050,450,4551,10,12,10
Instance_488,cuts,266,266.000000,0.000000,OPTIMAL,85.431356,85.432302,1090,450,5011,10,12,14
Instance_489,cuts,136,136.000000,0.000000,OPTIMAL,52.677857,52.678636,1000,440,3801,10,12,12
Instance_490,cuts,140,140.000000,0.000000,OPTIMAL,5.938808,5.939693,1100,440,4381,10,12,13
Instance_491,cuts,184,44.000000,0.760870,FEASIBLE,600.005857,600.006681,1040,460,3591,10,12,15
Instance_492,cuts,330,106.000000,0.678788,FEASIBLE,600.007023,600.007991,1050,470,4501,10,12,16
Instance_493,cuts,338,65.000000,0.807692,FEASIBLE,600.005270,600.006167,1060,460,4551,10,12,16
Instance_494,cuts,239,239.000000,0.000000,OPTIMAL,44.166280,44.166869,920,460,3781,10,12,16
Instance_495,cuts,271,42.000000,0.845018,FEASIBLE,600.025870,600.026521,1010,470,4181,10,12,16
Instance_496,cuts,329,57.000000,0.826748,FEASIBLE,600.005363,600.006267,1090,450,4351,10,12,16
Instance_497,cuts,364,123.000000,0.662088,FEASIBLE,600.001873,600.002550,1020,460,4541,10,12,16
Instance_498,cuts,365,63.000000,0.827397,FEASIBLE,600.006558,600.007569,1040,440,4301,10,12,15
Instance_499,cuts,250,250.000000,0.000000,OPTIMAL,396.103981,396.104723,1020,460,3881,10,12,16
Instance_500,cuts,374,84.000000,0.775401,FEASIBLE,600.025502,600.026313,1030,470,4551,10,12,16
Instance_501,cuts,490,130.000000,0.734694,FEASIBLE,600.005060,600.006030,1030,450,4451,10,12,16
Instance_502,cuts,395,61.000000,0.845570,FEASIBLE,600.005957,600.006946,1070,450,4701,10,12,16
Instance_503,cuts,138,39.000000,0.717391,FEASIBLE,600.005190,600.006090,1010,470,3971,10,12,16
Instance_504,cuts,628,52.000000,0.917197,FEASIBLE,600.007605,600.008598,990,470,4651,10,12,16
Instance_505,cuts,230,32.000000,0.860870,FEASIBLE,600.006786,600.007694,1080,460,4441,10,12,16
Instance_506,cuts,303,43.000000,0.858086,FEASIBLE,600.005652,600.006615,1070,470,4801,10,12,16
Instance_507,cuts,449,72.000000,0.839644,FEASIBLE,600.005036,600.005874,1100,460,4601,10,12,16
Instance_508,cuts,548,60.000000,0.890511,FEASIBLE,600.012034,600.012990,980,460,4821,10,12,16
Instance_509,cuts,278,278.000000,0.000000,OPTIMAL,76.272169,76.273076,980,460,3621,10,12,16
Instance_510,cuts,504,164.000000,0.674603,FEASIBLE,600.004591,600.005485,1030,450,4931,10,12,16
Instance_511,cuts,346,346.000000,0.000000,OPTIMAL,50.728105,50.729128,1060,560,5741,10,16,12
Instance_512,cuts,184,184.000000,0.000000,OPTIMAL,116.612861,116.613724,1030,550,4351,10,16,14
Instance_513,cuts,167,167.000000,0.000000,OPTIMAL,305.375675,305.376594,1080,560,4401,10,16,13
Instance_514,cuts,237,237.000000,0.000000,OPTIMAL,395.378702,395.379668,1080,560,5001,10,16,13
Instance_515,cuts,197,197.000000,0.000000,OPTIMAL,371.425837,371.426666,1090,550,4941,10,16,14
Instance_516,cuts,201,201.000000,0.000000,OPTIMAL,45.176273,45.177157,1040,560,5021,10,16,14
Instance_517,cuts,169,169.000000,0.000000,OPTIMAL,44.780402,44.781266,1080,580,4621,10,16,13
Instance_518,cuts,245,245.000000,0.000000,OPTIMAL,134.808577,134.809619,1070,570,5401,10,16,13
Instance_519,cuts,318,318.000000,0.000000,OPTIMAL,19.935704,19.936664,1070,570,5961,10,16,16
Instance_520,cuts,319,53.000000,0.833856,FEASIBLE,600.006897,600.007839,1050,570,5421,10,16,16
Instance_521,cuts,306,53.000000,0.826797,FEASIBLE,600.005613,600.006471,1030,590,4491,10,16,16
Instance_522,cuts,522,58.000000,0.888889,FEASIBLE,600.005006,600.006053,1100,580,5561,10,16,16
Instance_523,cuts,479,123.000000,0.743215,FEASIBLE,600.005905,600.006907,1100,580,5141,10,16,16
Instance_524,cuts,461,141.000000,0.694143,FEASIBLE,600.003790,600.004741,1060,560,5301,10,16,16
Instance_525,cuts,537,102.000000,0.810056,FEASIBLE,600.005273,600.006310,1070,570,5311,10,16,16
Instance_526,cuts,431,55.000000,0.872390,FEASIBLE,600.007120,597.917618,1050,590,4551,10,16,16
Instance_527,cuts,472,472.000000,0.000000,OPTIMAL,584.070470,584.071444,1000,580,5161,10,16,16
Instance_528,cuts,319,319.000000,0.000000,OPTIMAL,3.121522,3.122477,1150,550,5331,10,16,16
Instance_529,cuts,576,94.000000,0.836806,FEASIBLE,600.007801,600.008851,1080,580,5491,10,16,16
Instance_530,cuts,278,278.000000,0.000000,OPTIMAL,49.062497,49.063425,1050,590,4771,10,16,16
Instance_531,cuts,906,50.000000,0.944812,FEASIBLE,600.007285,600.008383,1060,580,5991,10,16,16
Instance_532,cuts,694,69.000000,0.900576,FEASIBLE,600.005858,600.006912,1090,590,5561,10,16,16
Instance_533,cuts,526,63.000000,0.880228,FEASIBLE,600.008224,600.009142,1010,590,5351,10,16,16
Instance_534,cuts,710,68.000000,0.904225,FEASIBLE,600.005362,600.006283,1050,590,5571,10,16,16
Instance_535,cuts,359,66.000000,0.816156,FEASIBLE,600.009690,600.010590,1070,590,4801,10,16,16
Instance_536,cuts,594,72.000000,0.878788,FEASIBLE,600.007763,600.008737,1060,580,5631,10,16,16
Instance_537,cuts,686,56.000000,0.918367,FEASIBLE,600.006454,600.007424,1030,590,5901,10,16,16
Instance_538,cuts,408,47.000000,0.884804,FEASIBLE,600.004640,600.005566,1070,590,5011,10,16,16
Instance_539,cuts,399,41.000000,0.897243,FEASIBLE,600.058581,600.059621,970,590,5001,10,16,16
Instance_540,cuts,524,74.000000,0.858779,FEASIBLE,600.005502,600.006416,1050,590,5421,10,16,16
Instance_541,cuts,68,68.000000,0.000000,OPTIMAL,48.406634,48.408383,3375,480,11086,15,8,6
Instance_542,cuts,43,43.000000,0.000000,OPTIMAL,267.761835,267.763665,3330,525,9931,15,8,6
Instance_543,cuts,24,24.000000,0.000000,OPTIMAL,46.125776,46.127126,3450,495,10501,15,8,8
Instance_544,cuts,32,11.000000,0.656250,FEASIBLE,600.043175,600.044946,3405,540,10726,15,8,6
Instance_545,cuts,30,30.000000,0.000000,OPTIMAL,261.333195,261.334980,3255,510,9646,15,8,8
Instance_546,cuts,43,43.000000,0.000000,OPTIMAL,461.131240,461.133040,3375,510,10396,15,8,7
Instance_547,cuts,49,49.000000,0.000000,OPTIMAL,153.825013,153.826779,3405,480,10231,15,8,8
Instance_548,cuts,31,9.000000,0.709677,FEASIBLE,600.030629,600.032385,3420,525,10396,15,8,6
Instance_549,cuts,23,23.000000,0.000000,OPTIMAL,474.835569,474.837256,3090,525,9181,15,8,6
Instance_550,cuts,48,48.000000,0.000000,OPTIMAL,230.318398,230.320095,3420,435,10366,15,8,8
Instance_551,cuts,73,18.000000,0.753425,FEASIBLE,600.005066,600.006896,3315,570,9676,15,8,8
Instance_552,cuts,118,23.000000,0.805085,FEASIBLE,600.006833,600.008847,3255,540,10411,15,8,8
Instance_553,cuts,103,20.000000,0.805825,FEASIBLE,600.008481,600.010450,3315,540,10726,15,8,8
Instance_554,cuts,61,61.000000,0.000000,OPTIMAL,241.577613,241.579476,3225,570,9931,15,8,8
Instance_555,cuts,50,24.000000,0.520000,FEASIBLE,600.004016,600.005796,3210,555,9286,15,8,8
Instance_556,cuts,87,19.000000,0.781609,FEASIBLE,600.058076,600.060024,3315,570,9946,15,8,8
Instance_557,cuts,90,14.000000,0.844444,FEASIBLE,600.003401,600.004818,3285,540,10486,15,8,8
Instance_558,cuts,88,21.000000,0.761364,FEASIBLE,600.008282,600.010212,3300,585,10396,15,8,8
Instance_559,cuts,102,16.000000,0.843137,FEASIBLE,600.006288,600.008175,3030,555,10066,15,8,8
Instance_560,cuts,99,21.000000,0.787879,FEASIBLE,600.004140,600.005853,3330,525,10681,15,8,8
Instance_561,cuts,107,27.000000,0.747664,FEASIBLE,600.004111,600.005883,3330,555,10561,15,8,8
Instance_562,cuts,139,42.000000,0.697842,FEASIBLE,600.010422,600.012369,3375,570,10276,15,8,8
Instance_563,cuts,148,28.000000,0.810811,FEASIBLE,600.008070,600.010128,3315,540,10861,15,8,8
Instance_564,cuts,105,22.000000,0.790476,FEASIBLE,600.006910,600.008817,3315,600,10756,15,8,8
Instance_565,cuts,147,36.000000,0.755102,FEASIBLE,600.008234,600.010150,3435,540,10636,15,8,8
Instance_566,cuts,148,33.000000,0.777027,FEASIBLE,600.011458,600.013454,3270,525,10936,15,8,8
Instance_567,cuts,77,28.000000,0.636364,FEASIBLE,600.007185,600.009037,3270,585,9646,15,8,8
Instance_568,cuts,132,28.000000,0.787879,FEASIBLE,600.079302,600.081163,3195,570,9961,15,8,8
Instance_569,cuts,129,27.000000,0.790698,FEASIBLE,600.033798,600.035741,3345,570,10711,15,8,8
Instance_570,cuts,119,37.000000,0.689076,FEASIBLE,600.031131,600.033114,3345,570,10066,15,8,8
Instance_571,cuts,86,13.000000,0.848837,FEASIBLE,600.007606,600.009615,3360,705,11026,15,12,8
Instance_572,cuts,74,20.000000,0.729730,FEASIBLE,600.007049,600.009132,3510,675,11971,15,12,6
Instance_573,cuts,73,16.000000,0.780822,FEASIBLE,600.008757,600.010690,3435,750,12451,15,12,8
Instance_574,cuts,69,69.000000,0.000000,OPTIMAL,94.660852,94.662835,3555,630,11551,15,12,7
Instance_575,cuts,87,87.000000,0.000000,OPTIMAL,123.709106,123.711201,3210,705,10816,15,12,7
Instance_576,cuts,67,67.000000,0.000000,OPTIMAL,87.470540,87.472515,3435,690,11356,15,12,8
Instance_577,cuts,65,65.000000,0.000000,OPTIMAL,193.469097,193.470958,3435,660,11146,15,12,5
Instance_578,cuts,61,61.000000,0.000000,OPTIMAL,16.289132,16.291082,3510,660,11746,15,11,7
Instance_579,cuts,77,13.000000,0.831169,FEASIBLE,600.006137,600.008212,3420,705,11851,15,12,6
Instance_580,cuts,76,25.000000,0.671053,FEASIBLE,600.018174,600.019714,3495,720,12556,15,12,7
Instance_581,cuts,138,27.000000,0.804348,FEASIBLE,600.008380,600.010444,3420,675,11851,15,12,8
Instance_582,cuts,132,39.000000,0.704545,FEASIBLE,600.037625,600.039700,3480,735,12451,15,12,8
Instance_583,cuts,153,28.000000,0.816993,FEASIBLE,600.007633,600.009647,3435,750,12721,15,12,8
Instance_584,cuts,79,79.000000,0.000000,OPTIMAL,123.453877,123.455721,3450,705,10696,15,12,8
Instance_585,cuts,133,49.000000,0.631579,FEASIBLE,600.006292,600.008433,3435,720,12451,15,12,8
Instance_586,cuts,93,28.000000,0.698925,FEASIBLE,600.006016,600.007980,3375,750,11056,15,12,8
Instance_587,cuts,182,34.000000,0.813187,FEASIBLE,600.007501,600.009555,3450,705,12451,15,12,8
Instance_588,cuts,156,20.000000,0.871795,FEASIBLE,600.038568,600.040524,3360,735,11791,15,12,8
Instance_589,cuts,111,41.000000,0.630631,FEASIBLE,600.005456,600.007319,3450,705,11461,15,12,8
Instance_590,cuts,142,35.000000,0.753521,FEASIBLE,600.008322,600.010564,3420,735,12271,15,12,8
Instance_591,cuts,213,39.000000,0.816901,FEASIBLE,600.008288,600.010298,3435,750,12271,15,12,8
Instance_592,cuts,250,47.000000,0.812000,FEASIBLE,600.088445,600.090397,3450,765,12001,15,12,8
Instance_593,cuts,192,39.000000,0.796875,FEASIBLE,600.006654,597.915488,3435,750,12001,15,12,8
Instance_594,cuts,166,35.000000,0.789157,FEASIBLE,600.007751,600.009804,3510,735,12646,15,12,8
Instance_595,cuts,267,23.000000,0.913858,FEASIBLE,600.006792,600.008926,3375,750,13291,15,12,8
Instance_596,cuts,186,28.000000,0.849462,FEASIBLE,600.006470,600.008394,3420,735,11626,15,12,8
Instance_597,cuts,199,25.000000,0.874372,FEASIBLE,600.005773,600.007876,3435,750,12091,15,12,8
Instance_598,cuts,169,42.000000,0.751479,FEASIBLE,600.006415,600.008239,3510,765,11581,15,12,8
Instance_599,cuts,191,30.000000,0.842932,FEASIBLE,600.011040,600.013101,3375,750,11491,15,12,8
Instance_600,cuts,195,30.000000,0.846154,FEASIBLE,600.006954,600.008924,3435,750,12271,15,12,8
Instance_601,cuts,117,15.000000,0.871795,FEASIBLE,600.010989,600.013175,3525,840,13621,15,16,8
Instance_602,cuts,95,26.000000,0.726316,FEASIBLE,600.006414,600.008427,3645,810,13336,15,16,7
Instance_603,cuts,70,70.000000,0.000000,OPTIMAL,96.461500,96.463849,3540,855,13591,15,16,8
Instance_604,cuts,88,88.000000,0.000000,OPTIMAL,508.656176,508.658315,3570,855,13426,15,16,6
Instance_605,cuts,90,90.000000,0.000000,OPTIMAL,47.065384,47.067514,3585,870,13246,15,16,8
Instance_606,cuts,116,30.000000,0.741379,FEASIBLE,600.008632,600.011034,3435,840,13351,15,16,7
Instance_607,cuts,74,74.000000,0.000000,OPTIMAL,211.323218,211.325309,3570,825,12151,15,16,8
Instance_608,cuts,98,19.000000,0.806122,FEASIBLE,600.008498,600.010771,3570,825,13141,15,16,7
Instance_609,cuts,84,15.000000,0.821429,FEASIBLE,600.047728,600.049920,3480,855,11641,15,16,8
Instance_610,cuts,91,91.000000,0.000000,OPTIMAL,29.914392,29.916654,3570,795,13846,15,16,7
Instance_611,cuts,252,31.000000,0.876984,FEASIBLE,600.006709,600.008910,3465,840,13891,15,16,8
Instance_612,cuts,183,28.000000,0.846995,FEASIBLE,600.010730,600.013012,3420,915,13081,15,16,8
Instance_613,cuts,196,26.000000,0.867347,FEASIBLE,600.003386,600.004894,3495,900,12856,15,16,8
Instance_614,cuts,192,35.000000,0.817708,FEASIBLE,600.006840,600.008843,3570,885,13291,15,16,8
Instance_615,cuts,185,36.000000,0.805405,FEASIBLE,600.006795,600.008951,3495,870,13321,15,16,8
Instance_616,cuts,248,37.000000,0.850806,FEASIBLE,600.042148,600.044470,3510,855,14581,15,16,8
Instance_617,cuts,157,17.000000,0.891720,FEASIBLE,600.054872,600.056298,3390,915,12121,15,16,8
Instance_618,cuts,189,35.000000,0.814815,FEASIBLE,600.007372,600.009803,3570,885,14191,15,16,8
Instance_619,cuts,164,20.000000,0.878049,FEASIBLE,600.066960,600.069439,3435,900,13066,15,16,8
Instance_620,cuts,240,45.000000,0.812500,FEASIBLE,600.036975,600.039217,3510,915,14536,15,16,8
Instance_621,cuts,320,45.000000,0.859375,FEASIBLE,600.014563,600.017032,3495,930,13606,15,16,8
Instance_622,cuts,255,42.000000,0.835294,FEASIBLE,600.007933,600.010185,3525,930,12976,15,16,8
Instance_623,cuts,296,33.000000,0.888514,FEASIBLE,600.007129,600.009299,3330,945,14071,15,16,8
Instance_624,cuts,281,41.000000,0.854093,FEASIBLE,600.008679,600.010975,3510,945,14461,15,16,8
Instance_625,cuts,313,28.000000,0.910543,FEASIBLE,600.044124,600.046486,3465,960,14371,15,16,8
Instance_626,cuts,310,58.000000,0.812903,FEASIBLE,600.007213,600.009583,3540,915,14206,15,16,8
Instance_627,cuts,352,43.000000,0.877841,FEASIBLE,600.090939,600.093141,3495,930,14851,15,16,8
Instance_628,cuts,280,46.000000,0.835714,FEASIBLE,600.008282,600.010398,3375,930,12826,15,16,8
Instance_629,cuts,337,58.000000,0.827893,FEASIBLE,600.006863,600.009244,3495,930,14731,15,16,8
Instance_630,cuts,341,27.000000,0.920821,FEASIBLE,600.031933,600.033428,3525,930,14506,15,16,8
Instance_631,cuts,93,14.000000,0.849462,FEASIBLE,600.008403,600.010124,3195,540,9916,15,8,10
Instance_632,cuts,105,13.000000,0.876190,FEASIBLE,600.008477,600.010536,3255,540,10306,15,8,12
Instance_633,cuts,75,20.000000,0.733333,FEASIBLE,600.006415,600.008275,3345,540,10036,15,8,11
Instance_634,cuts,62,62.000000,0.000000,OPTIMAL,49.750309,49.752204,3270,555,9421,15,8,11
Instance_635,cuts,63,29.000000,0.539683,FEASIBLE,600.027924,600.029828,3225,540,9466,15,8,9
Instance_636,cuts,93,31.000000,0.666667,FEASIBLE,600.008628,600.010528,3345,540,9841,15,8,12
Instance_637,cuts,81,28.000000,0.654321,FEASIBLE,600.051543,600.053565,3330,555,10126,15,8,12
Instance_638,cuts,72,17.000000,0.763889,FEASIBLE,600.003852,600.005713,3315,510,9871,15,8,11
Instance_639,cuts,104,24.000000,0.769231,FEASIBLE,600.008802,600.010744,3345,540,10171,15,8,8
Instance_640,cuts,80,17.000000,0.787500,FEASIBLE,600.047916,600.049953,3315,540,9886,15,8,8
Instance_641,cuts,206,58.000000,0.718447,FEASIBLE,600.045704,600.048412,3345,540,10306,15,8,12
Instance_642,cuts,117,30.000000,0.743590,FEASIBLE,600.040808,600.042663,3090,585,9691,15,8,12
Instance_643,cuts,161,30.000000,0.813665,FEASIBLE,600.008244,600.010193,3195,570,9991,15,8,12
Instance_644,cuts,187,44.000000,0.764706,FEASIBLE,600.007922,600.010033,3285,540,10711,15,8,12
Instance_645,cuts,207,34.000000,0.835749,FEASIBLE,600.029085,600.030943,3195,570,10171,15,8,11
Instance_646,cuts,111,27.000000,0.756757,FEASIBLE,600.007063,600.008683,3195,600,10231,15,8,11
Instance_647,cuts,163,47.000000,0.711656,FEASIBLE,600.025595,600.027381,3330,585,10246,15,8,12
Instance_648,cuts,105,27.000000,0.742857,FEASIBLE,600.029260,600.031203,3240,585,9781,15,8,12
Instance_649,cuts,119,33.000000,0.722689,FEASIBLE,600.007011,600.008740,3195,570,9421,15,8,12
Instance_650,cuts,163,32.000000,0.803681,FEASIBLE,600.004627,600.006326,3165,570,10036,15,8,12
Instance_651,cuts,239,55.000000,0.769874,FEASIBLE,600.086294,600.087571,3375,570,10411,15,8,12
Instance_652,cuts,223,45.000000,0.798206,FEASIBLE,600.005994,597.916789,3330,585,10126,15,8,12
Instance_653,cuts,246,60.000000,0.756098,FEASIBLE,600.010493,600.012583,3300,585,10126,15,8,12
Instance_654,cuts,307,51.000000,0.833876,FEASIBLE,600.009832,600.011923,3270,585,10591,15,8,12
Instance_655,cuts,300,54.000000,0.820000,FEASIBLE,600.007659,600.009504,3330,585,10816,15,8,12
Instance_656,cuts,269,48.000000,0.821561,FEASIBLE,600.006186,600.008142,3345,570,10621,15,8,12
Instance_657,cuts,283,52.000000,0.816254,FEASIBLE,600.091115,600.092967,3390,585,10771,15,8,12
Instance_658,cuts,226,29.000000,0.871681,FEASIBLE,600.005802,600.007177,3210,585,10666,15,8,12
Instance_659,cuts,259,36.000000,0.861004,FEASIBLE,600.066457,600.068313,3270,585,10186,15,8,12
Instance_660,cuts,241,53.000000,0.780083,FEASIBLE,600.007099,600.009035,3300,585,10756,15,8,12
Instance_661,cuts,138,39.000000,0.717391,FEASIBLE,600.009431,600.011574,3570,675,11881,15,12,9
Instance_662,cuts,168,168.000000,0.000000,OPTIMAL,145.137626,145.139706,3390,735,12721,15,12,10
Instance_663,cuts,112,27.000000,0.758929,FEASIBLE,600.008465,600.010497,3480,735,11521,15,12,8
Instance_664,cuts,151,14.000000,0.907285,FEASIBLE,600.007199,600.009121,3210,705,10546,15,12,12
Instance_665,cuts,141,141.000000,0.000000,OPTIMAL,205.629103,205.631081,3435,720,11326,15,12,12
Instance_666,cuts,152,152.000000,0.000000,OPTIMAL,233.395961,233.398064,3555,690,12736,15,12,12
Instance_667,cuts,156,22.000000,0.858974,FEASIBLE,600.007067,600.008945,3420,705,11761,15,12,11
Instance_668,cuts,144,15.000000,0.895833,FEASIBLE,600.007461,600.009291,3315,720,11491,15,12,11
Instance_669,cuts,108,31.000000,0.712963,FEASIBLE,600.006935,600.008872,3465,720,11506,15,12,10
Instance_670,cuts,194,36.000000,0.814433,FEASIBLE,600.004761,600.006751,3360,735,12511,15,12,11
Instance_671,cuts,233,51.000000,0.781116,FEASIBLE,600.008186,600.010169,3405,780,12511,15,12,12
Instance_672,cuts,207,207.000000,0.000000,OPTIMAL,545.830996,545.832812,3450,705,11311,15,12,12
Instance_673,cuts,300,58.000000,0.806667,FEASIBLE,600.029528,600.031335,3510,735,12241,15,12,12
Instance_674,cuts,397,48.000000,0.879093,FEASIBLE,600.007436,600.009315,3255,720,12736,15,12,12
Instance_675,cuts,209,33.000000,0.842105,FEASIBLE,600.005640,600.007476,3345,720,11656,15,12,12
Instance_676,cuts,247,55.000000,0.777328,FEASIBLE,600.008982,600.011059,3435,720,11641,15,12,11
Instance_677,cuts,334,47.000000,0.859281,FEASIBLE,600.057722,600.059602,3405,720,12316,15,12,12
Instance_678,cuts,181,45.000000,0.751381,FEASIBLE,600.008299,600.010183,3285,780,10741,15,12,12
Instance_679,cuts,196,110.000000,0.438776,FEASIBLE,600.022262,600.024182,3240,735,11626,15,12,12
Instance_680,cuts,310,133.000000,0.570968,FEASIBLE,600.005429,600.007471,3375,750,13111,15,12,12
Instance_681,cuts,358,56.000000,0.843575,FEASIBLE,600.007677,600.009556,3330,765,11881,15,12,12
Instance_682,cuts,351,51.000000,0.854701,FEASIBLE,600.102086,600.104273,3345,780,13201,15,12,12
Instance_683,cuts,320,48.000000,0.850000,FEASIBLE,600.086527,600.088392,3405,780,12331,15,12,12
Instance_684,cuts,234,71.000000,0.696581,FEASIBLE,600.026347,600.028326,3435,780,11971,15,12,12
Instance_685,cuts,480,68.000000,0.858333,FEASIBLE,600.006379,600.008441,3480,765,12736,15,12,12
Instance_686,cuts,457,73.000000,0.840263,FEASIBLE,600.027784,600.029803,3420,765,13216,15,12,12
Instance_687,cuts,237,55.000000,0.767932,FEASIBLE,600.051914,600.053826,3375,750,10981,15,12,12
Instance_688,cuts,373,67.000000,0.820375,FEASIBLE,600.004985,600.006869,3405,750,11761,15,12,12
Instance_689,cuts,403,54.000000,0.866005,FEASIBLE,600.006846,600.008827,3390,765,11821,15,12,12
Instance_690,cuts,279,60.000000,0.784946,FEASIBLE,600.005450,600.007460,3480,735,12646,15,12,12
Instance_691,cuts,231,35.000000,0.848485,FEASIBLE,600.005778,600.007793,3525,900,14506,15,16,11
Instance_692,cuts,164,25.000000,0.847561,FEASIBLE,600.011305,600.013410,3525,900,12646,15,16,10
Instance_693,cuts,206,60.000000,0.708738,FEASIBLE,600.006605,600.008882,3510,915,13021,15,16,10
Instance_694,cuts,130,130.000000,0.000000,OPTIMAL,34.994238,34.996385,3630,825,13381,15,16,12
Instance_695,cuts,163,36.000000,0.779141,FEASIBLE,600.008973,600.011079,3480,915,13501,15,16,11
Instance_696,cuts,120,120.000000,0.000000,OPTIMAL,49.594160,49.596123,3330,855,12091,15,16,10
Instance_697,cuts,211,211.000000,0.000000,OPTIMAL,226.338981,226.340587,3510,885,15256,15,16,10
Instance_698,cuts,218,29.000000,0.866972,FEASIBLE,600.011958,600.014144,3435,930,13141,15,16,10
Instance_699,cuts,112,17.000000,0.848214,FEASIBLE,600.008930,600.011079,3315,900,10141,15,16,12
Instance_700,cuts,180,50.000000,0.722222,FEASIBLE,600.103945,600.106172,3480,885,13306,15,16,10
Instance_701,cuts,365,45.000000,0.876712,FEASIBLE,600.032359,600.033862,3465,930,13756,15,16,12
Instance_702,cuts,447,43.000000,0.903803,FEASIBLE,600.053225,600.055209,3390,945,13351,15,16,12
Instance_703,cuts,337,73.000000,0.783383,FEASIBLE,600.030858,600.032873,3540,915,13696,15,16,12
Instance_704,cuts,395,51.000000,0.870886,FEASIBLE,600.009880,600.011957,3420,945,13441,15,16,12
Instance_705,cuts,390,40.000000,0.897436,FEASIBLE,600.007948,600.009921,3405,930,12496,15,16,12
Instance_706,cuts,485,60.000000,0.876289,FEASIBLE,600.007704,600.009765,3510,945,15061,15,16,12
Instance_707,cuts,357,44.000000,0.876751,FEASIBLE,600.006936,600.009002,3390,915,13636,15,16,12
Instance_708,cuts,303,53.000000,0.825083,FEASIBLE,600.008356,600.010329,3465,900,12271,15,16,12
Instance_709,cuts,455,56.000000,0.876923,FEASIBLE,600.004197,600.005547,3525,930,13666,15,16,12
Instance_710,cuts,416,72.000000,0.826923,FEASIBLE,600.005754,600.007272,3480,915,14671,15,16,12
Instance_711,cuts,391,62.000000,0.841432,FEASIBLE,600.012700,597.926752,3480,915,12706,15,16,12
Instance_712,cuts,692,85.000000,0.877168,FEASIBLE,600.005881,600.007916,3555,930,14296,15,16,12
Instance_713,cuts,579,71.000000,0.877375,FEASIBLE,600.007876,600.010033,3480,945,13771,15,16,12
Instance_714,cuts,448,67.000000,0.850446,FEASIBLE,600.006467,600.008647,3450,945,12466,15,16,12
Instance_715,cuts,568,67.000000,0.882042,FEASIBLE,600.006903,600.009155,3540,945,14206,15,16,12
Instance_716,cuts,598,65.000000,0.891304,FEASIBLE,600.007284,600.009432,3540,915,14056,15,16,12
Instance_717,cuts,449,55.000000,0.877506,FEASIBLE,600.007027,600.009051,3540,945,14161,15,16,12
Instance_718,cuts,675,98.000000,0.854815,FEASIBLE,600.007074,600.009283,3495,930,14821,15,16,12
Instance_719,cuts,244,56.000000,0.770492,FEASIBLE,600.008175,600.010407,3405,960,12691,15,16,12
Instance_720,cuts,368,45.000000,0.877717,FEASIBLE,599.994820,599.996944,3435,960,13816,15,16,12
Instance_721,cuts,120,28.000000,0.766667,FEASIBLE,600.006381,600.008161,3240,555,9751,15,8,12
Instance_722,cuts,144,144.000000,0.000000,OPTIMAL,465.086484,465.087988,3135,540,9541,15,8,11
Instance_723,cuts,108,28.000000,0.740741,FEASIBLE,600.036159,600.037841,3330,555,10156,15,8,11
Instance_724,cuts,123,41.000000,0.666667,FEASIBLE,600.004046,600.005838,3285,570,10231,15,8,15
Instance_725,cuts,148,33.000000,0.777027,FEASIBLE,600.010054,600.011820,3375,540,10396,15,8,13
Instance_726,cuts,145,33.000000,0.772414,FEASIBLE,600.005875,600.007444,3285,540,9811,15,8,13
Instance_727,cuts,167,10.000000,0.940120,FEASIBLE,600.009273,600.011008,3060,555,10441,15,8,14
Instance_728,cuts,154,53.000000,0.655844,FEASIBLE,600.006928,600.008562,3210,555,9781,15,8,14
Instance_729,cuts,146,38.000000,0.739726,FEASIBLE,600.005843,600.007657,3330,585,10396,15,8,12
Instance_730,cuts,102,102.000000,0.000000,OPTIMAL,342.516311,342.517626,3225,570,9901,15,8,14
Instance_731,cuts,344,56.000000,0.837209,FEASIBLE,600.010511,600.012331,3375,570,10531,15,8,16
Instance_732,cuts,212,43.000000,0.797170,FEASIBLE,600.006981,600.008771,3225,570,9856,15,8,16
Instance_733,cuts,232,37.000000,0.840517,FEASIBLE,600.084522,600.086338,3135,600,9961,15,8,16
Instance_734,cuts,276,55.000000,0.800725,FEASIBLE,600.004775,600.006611,3300,555,10051,15,8,16
Instance_735,cuts,304,50.000000,0.835526,FEASIBLE,600.035503,600.037305,3225,600,10681,15,8,16
Instance_736,cuts,276,38.000000,0.862319,FEASIBLE,600.006287,600.008157,3255,570,10996,15,8,16
Instance_737,cuts,278,61.000000,0.780576,FEASIBLE,600.006552,600.008289,3285,570,9916,15,8,15
Instance_738,cuts,178,38.000000,0.786517,FEASIBLE,600.070376,600.072112,3225,600,10141,15,8,15
Instance_739,cuts,257,57.000000,0.778210,FEASIBLE,600.008239,600.009942,3135,570,10036,15,8,15
Instance_740,cuts,290,50.000000,0.827586,FEASIBLE,600.006549,600.008434,3300,585,10756,15,8,16
Instance_741,cuts,405,66.000000,0.837037,FEASIBLE,600.008129,600.009891,3300,585,10486,15,8,16
Instance_742,cuts,457,81.000000,0.822757,FEASIBLE,600.005355,600.007162,3360,585,10366,15,8,16
Instance_743,cuts,399,79.000000,0.802005,FEASIBLE,600.005114,600.007008,3330,585,10456,15,8,16
Instance_744,cuts,362,49.000000,0.864641,FEASIBLE,600.005827,600.007617,3060,585,10756,15,8,16
Instance_745,cuts,420,61.000000,0.854762,FEASIBLE,600.007598,600.009504,3150,585,10816,15,8,16
Instance_746,cuts,397,87.000000,0.780856,FEASIBLE,600.005194,600.007066,3300,555,9826,15,8,16
Instance_747,cuts,328,62.000000,0.810976,FEASIBLE,600.004800,600.006586,3345,600,10546,15,8,16
Instance_748,cuts,249,84.000000,0.662651,FEASIBLE,600.028974,600.030829,3330,555,9766,15,8,16
Instance_749,cuts,273,50.000000,0.816850,FEASIBLE,600.006477,600.008246,3075,570,9301,15,8,16
Instance_750,cuts,567,69.000000,0.878307,FEASIBLE,600.004078,600.006045,3255,570,10906,15,8,16
Instance_751,cuts,183,52.000000,0.715847,FEASIBLE,600.006123,600.008037,3465,720,11506,15,12,14
Instance_752,cuts,175,68.000000,0.611429,FEASIBLE,600.027375,600.029578,3435,690,11521,15,12,15
Instance_753,cuts,169,25.000000,0.852071,FEASIBLE,600.096937,600.098477,3375,750,12121,15,12,13
Instance_754,cuts,109,109.000000,0.000000,OPTIMAL,429.473840,429.475668,3330,705,10006,15,12,16
Instance_755,cuts,181,50.000000,0.723757,FEASIBLE,600.032213,600.033650,3435,750,11746,15,12,14
Instance_756,cuts,173,74.000000,0.572254,FEASIBLE,600.007755,600.009904,3630,675,12361,15,12,12
Instance_757,cuts,244,66.000000,0.729508,FEASIBLE,600.008324,600.010246,3195,750,11761,15,12,14
Instance_758,cuts,263,65.000000,0.752852,FEASIBLE,600.007707,600.009843,3495,720,11821,15,12,15
Instance_759,cuts,138,138.000000,0.000000,OPTIMAL,370.729080,370.730978,3255,750,10591,15,12,14
Instance_760,cuts,247,49.000000,0.801619,FEASIBLE,600.006390,600.008340,3510,735,11836,15,12,12
Instance_761,cuts,257,41.000000,0.840467,FEASIBLE,600.033502,600.035378,3255,780,12301,15,12,16
Instance_762,cuts,345,57.000000,0.834783,FEASIBLE,600.005339,600.007212,3435,780,11596,15,12,16
Instance_763,cuts,427,29.000000,0.932084,FEASIBLE,600.077404,600.079456,3240,765,12301,15,12,16
Instance_764,cuts,413,45.000000,0.891041,FEASIBLE,600.005227,600.007159,3330,765,11491,15,12,16
Instance_765,cuts,433,98.000000,0.773672,FEASIBLE,600.098967,600.100904,3405,750,11806,15,12,16
Instance_766,cuts,334,71.000000,0.787425,FEASIBLE,600.008931,600.010808,3405,750,10876,15,12,16
Instance_767,cuts,330,69.000000,0.790909,FEASIBLE,600.005937,597.919017,3405,780,11461,15,12,16
Instance_768,cuts,411,143.000000,0.652068,FEASIBLE,600.067804,600.069692,3240,765,12346,15,12,16
Instance_769,cuts,345,50.000000,0.855072,FEASIBLE,600.003469,600.004948,3420,765,12091,15,12,16
Instance_770,cuts,415,62.000000,0.850602,FEASIBLE,600.113507,600.115685,3285,750,11386,15,12,16
Instance_771,cuts,447,80.000000,0.821029,FEASIBLE,600.007859,600.009860,3435,750,11776,15,12,16
Instance_772,cuts,541,78.000000,0.855823,FEASIBLE,600.031628,600.033737,3375,780,12766,15,12,16
Instance_773,cuts,766,81.000000,0.894256,FEASIBLE,600.009658,600.011943,3240,765,13261,15,12,16
Instance_774,cuts,419,65.000000,0.844869,FEASIBLE,600.010022,600.011784,3405,750,11851,15,12,16
Instance_775,cuts,583,80.000000,0.862779,FEASIBLE,600.032608,600.034628,3375,750,12616,15,12,16
Instance_776,cuts,578,68.000000,0.882353,FEASIBLE,600.009883,600.011901,3390,765,13021,15,12,16
Instance_777,cuts,650,75.000000,0.884615,FEASIBLE,600.028844,600.030849,3375,750,12256,15,12,16
Instance_778,cuts,461,70.000000,0.848156,FEASIBLE,600.006516,600.008555,3285,750,11341,15,12,16
Instance_779,cuts,467,73.000000,0.843683,FEASIBLE,600.006220,600.008167,3405,780,11641,15,12,16
Instance_780,cuts,617,80.000000,0.870340,FEASIBLE,600.006480,600.008435,3360,765,12016,15,12,16
Instance_781,cuts,230,45.000000,0.804348,FEASIBLE,600.026973,600.028905,3525,930,13291,15,16,14
Instance_782,cuts,186,33.000000,0.822581,FEASIBLE,600.010247,600.012230,3405,900,11041,15,16,13
Instance_783,cuts,280,66.000000,0.764286,FEASIBLE,599.997674,599.999236,3495,930,13096,15,16,12
Instance_784,cuts,331,29.000000,0.912387,FEASIBLE,600.005980,600.007995,3420,915,12706,15,16,15
Instance_785,cuts,184,36.000000,0.804348,FEASIBLE,600.044265,600.046431,3480,915,12331,15,16,14
Instance_786,cuts,308,67.000000,0.782468,FEASIBLE,600.024590,600.026742,3510,885,12991,15,16,14
Instance_787,cuts,250,50.000000,0.800000,FEASIBLE,600.007380,600.009555,3420,945,12766,15,16,11
Instance_788,cuts,292,31.000000,0.893836,FEASIBLE,600.007217,600.009312,3345,900,12721,15,16,12
Instance_789,cuts,281,34.000000,0.879004,FEASIBLE,600.009432,600.011441,3285,960,12586,15,16,13
Instance_790,cuts,219,54.000000,0.753425,FEASIBLE,600.005893,600.007762,3480,945,12481,15,16,16
Instance_791,cuts,439,84.000000,0.808656,FEASIBLE,600.008843,600.011064,3450,945,12151,15,16,16
Instance_792,cuts,374,63.000000,0.831551,FEASIBLE,600.033680,600.035718,3330,885,12361,15,16,16
Instance_793,cuts,603,83.000000,0.862355,FEASIBLE,600.009950,600.012137,3420,945,13771,15,16,16
Instance_794,cuts,517,142.000000,0.725338,FEASIBLE,600.005763,600.007918,3585,930,13411,15,16,16
Instance_795,cuts,500,70.000000,0.860000,FEASIBLE,600.008092,600.010222,3480,945,12466,15,16,16
Instance_796,cuts,576,60.000000,0.895833,FEASIBLE,600.006712,600.008805,3420,945,12226,15,16,16
Instance_797,cuts,480,71.000000,0.852083,FEASIBLE,600.008143,600.010082,3420,945,12811,15,16,16
Instance_798,cuts,527,63.000000,0.880455,FEASIBLE,600.009771,600.011836,3345,960,11386,15,16,16
Instance_799,cuts,380,70.000000,0.815789,FEASIBLE,600.008651,600.010743,3450,945,11836,15,16,16
Instance_800,cuts,394,69.000000,0.824873,FEASIBLE,600.008320,600.010443,3435,960,12376,15,16,16
Instance_801,cuts,500,51.000000,0.898000,FEASIBLE,600.009093,600.011109,3420,945,12406,15,16,16
Instance_802,cuts,766,92.000000,0.879896,FEASIBLE,600.005617,600.007765,3390,945,13666,15,16,16
Instance_803,cuts,793,103.000000,0.870113,FEASIBLE,600.116311,600.118782,3495,960,14596,15,16,16
Instance_804,cuts,493,70.000000,0.858012,FEASIBLE,600.007160,600.009197,3465,960,12916,15,16,16
Instance_805,cuts,707,96.000000,0.864215,FEASIBLE,600.009313,600.011374,3510,915,13291,15,16,16
Instance_806,cuts,722,67.000000,0.907202,FEASIBLE,600.008765,600.010740,3450,945,13501,15,16,16
Instance_807,cuts,889,114.000000,0.871766,FEASIBLE,600.008114,600.010226,3525,900,14461,15,16,16
Instance_808,cuts,1143,92.000000,0.919510,FEASIBLE,600.046433,600.048973,3450,945,15346,15,16,16
Instance_809,cuts,721,78.000000,0.891817,FEASIBLE,600.012046,600.014206,3510,915,13816,15,16,16
Instance_810,cuts,858,95.000000,0.889277,FEASIBLE,600.068769,600.071142,3510,945,14236,15,16,16
